成品ID,构成原材料ID,成品名称,原材料名称,单位用量,单位,结构层级,用量占比(%),报废率,优先级(1最高),成本占比系数,可替代物料
P0001,M0021,智能音箱 A,电解电容 100μF,8,颗,2,14.3,0.005,1,0.6,
P0001,M0065,智能音箱 A,ABS塑料外壳 v2,14,个,1,14.3,0.005,2,0.25,"M0230,M0076"
P0001,M0051,智能音箱 A,继电器 12V,10,个,2,14.3,0.022,3,0.1,
P0001,M0163,智能音箱 A,包装彩盒(小) v3,9,个,1,14.3,0.025,4,0.03,"M0035,M0099"
P0001,M0142,智能音箱 A,LoRa模块 v3,9,个,1,14.3,0.025,5,0.02,
P0001,M0071,智能音箱 A,ARM Cortex-A53芯片 v2,1,片,2,14.3,0.001,6,0.01,"M0007,M0135,M0199"
P0001,M0095,智能音箱 A,TVS保护二极管 v2,7,颗,2,14.2,0.004,7,0.01,"M0031,M0159"
P0002,M0159,智能音箱 B,TVS保护二极管 v3,8,颗,2,33.3,0.024,1,0.6,"M0031,M0095"
P0002,M0164,智能音箱 B,珍珠棉内托 v3,10,个,1,33.3,0.009,2,0.25,"M0154,M0160"
P0002,M0008,智能音箱 B,ARM Cortex-A35芯片,2,片,2,33.4,0.002,3,0.1,
P0003,M0184,智能音箱 Mini,弹簧 压缩 v3,12,个,2,14.3,0.015,1,0.6,"M0056,M0120"
P0003,M0082,智能音箱 Mini,LED灯珠 RGB v2,2,颗,2,14.3,0.007,2,0.25,
P0003,M0021,智能音箱 Mini,电解电容 100μF,4,颗,2,14.3,0.005,3,0.12,
P0003,M0004,智能音箱 Mini,PCB主板,1,块,1,14.3,0.001,4,0.28,"M0019,M0133"
P0003,M0071,智能音箱 Mini,ARM Cortex-A53芯片 v2,1,片,2,14.3,0.002,5,0.22,"M0007,M0135,M0199"
P0003,M0065,智能音箱 Mini,ABS塑料外壳 v2,10,个,1,14.3,0.005,6,0.18,
P0003,M0163,智能音箱 Mini,包装彩盒(小) v3,8,个,1,14.2,0.025,7,0.08,"M0035,M0099"
P0004,M0099,智能灯泡 RGB,包装彩盒(小) v2,12,个,1,14.3,0.028,1,0.6,"M0024,M0027,M0115"
P0004,M0158,智能灯泡 RGB,整流二极管 v3,11,颗,2,14.3,0.006,2,0.25,"M0030,M0094"
P0004,M0021,智能灯泡 RGB,电解电容 100μF,3,颗,2,14.3,0.005,3,0.08,
P0004,M0005,智能灯泡 RGB,PCB副板,1,块,1,14.3,0.001,4,0.22,"M0019,M0133"
P0004,M0136,智能灯泡 RGB,ARM Cortex-A35芯片 v3,1,片,2,14.3,0.002,5,0.25,"M0008,M0200"
P0004,M0002,智能灯泡 RGB,PC透明罩,1,个,1,14.3,0.003,6,0.15,"M0002,M0172"
P0004,M0031,智能灯泡 RGB,TVS保护二极管,5,颗,2,14.2,0.004,7,0.05,"M0095,M0159"
P0005,M0024,智能灯泡 暖白,贴片电阻 10kΩ,1,颗,2,25,0.008,1,0.6,"M0088,M0152"
P0005,M0101,智能灯泡 暖白,EVA衬垫 v2,9,片,1,25,0.025,2,0.25,"M0037,M0165"
P0005,M0130,智能灯泡 暖白,PC透明罩 v3,10,个,1,25,0.009,3,0.1,
P0005,M0042,智能灯泡 暖白,传感器模块 气压,4,个,2,25,0.015,4,0.03,"M0106,M0170"
P0006,M0196,智能灯带 2m,PCB主板 v4,9,块,1,25,0.002,1,0.6,"M0161,M0177"
P0006,M0104,智能灯带 2m,USB数据线 Type-C v2,8,根,2,25,0.023,2,0.25,"M0040,M0168"
P0006,M0094,智能灯带 2m,整流二极管 v2,5,颗,2,25,0.03,3,0.1,"M0030,M0158"
P0006,M0012,智能灯带 2m,蓝牙模块 BLE5.2,10,个,1,25,0.004,4,0.03,M0107
P0007,M0194,智能插座 基础版,PC透明罩 v4,8,个,1,16.7,0.004,1,0.6,
P0007,M0037,智能插座 基础版,EVA衬垫,13,片,1,16.7,0.004,2,0.25,"M0101,M0165"
P0007,M0051,智能插座 基础版,继电器 12V,14,个,2,16.7,0.01,3,0.1,"M0115,M0179"
P0007,M0155,智能插座 基础版,电感器 10μH v3,6,颗,2,16.7,0.018,4,0.03,"M0027,M0091"
P0007,M0131,智能插座 基础版,铝合金散热片 v3,13,片,2,16.7,0.018,5,0.02,
P0007,M0103,智能插座 基础版,电源线 3m v2,8,根,2,16.5,0.015,6,0.01,"M0039,M0167"
P0008,M0173,智能插座 电量版,显示屏 TFT 2.4寸 v3,9,块,1,14.3,0.008,1,0.6,"M0045,M0109"
P0008,M0029,智能插座 电量版,晶振 24MHz,10,颗,2,14.3,0.029,2,0.25,"M0093,M0157"
P0008,M0021,智能插座 电量版,电解电容 100μF,5,颗,2,14.3,0.005,3,0.1,
P0008,M0004,智能插座 电量版,PCB主板,1,块,1,14.3,0.001,4,0.25,"M0019,M0133"
P0008,M0051,智能插座 电量版,继电器 12V,8,个,2,14.3,0.022,5,0.15,"M0115,M0179"
P0008,M0065,智能插座 电量版,ABS塑料外壳 v2,8,个,1,14.3,0.005,6,0.18,M0210
P0008,M0163,智能插座 电量版,包装彩盒(小) v3,6,个,1,14.2,0.025,7,0.07,"M0035,M0099"
P0009,M0162,智能插排 4位,包装彩盒(中) v3,12,个,1,14.3,0.007,1,0.6,
P0009,M0185,智能插排 4位,磁铁 钕磁铁 10x2mm v3,9,片,2,14.3,0.021,2,0.25,"M0057,M0121"
P0009,M0021,智能插排 4位,电解电容 100μF,3,颗,2,14.3,0.005,3,0.08,
P0009,M0004,智能插排 4位,PCB主板,1,块,1,14.3,0.001,4,0.25,"M0019,M0133"
P0009,M0002,智能插排 4位,PC透明罩,1,个,1,14.3,0.003,6,0.15,"M0002,M0172"
P0009,M0042,智能插排 4位,传感器模块 气压,1,个,2,14.3,0.01,5,0.22,"M0169,M0171"
P0009,M0031,智能插排 4位,TVS保护二极管,4,颗,2,14.2,0.004,7,0.05,"M0095,M0159"
P0010,M0106,智能网关 标准版,传感器模块 气压 v2,9,个,2,20,0.03,1,0.6,"M0042,M0170"
P0010,M0129,智能网关 标准版,ABS塑料外壳 v3,7,个,1,20,0.011,2,0.25,
P0010,M0199,智能网关 标准版,ARM Cortex-A53芯片 v4,14,片,2,20,0.014,3,0.1,
P0010,M0157,智能网关 标准版,晶振 24MHz v3,8,颗,2,20,0.016,4,0.03,
P0010,M0127,智能网关 标准版,麦克风 MEMS v2,5,个,2,20,0.008,5,0.02,"M0063,M0191"
P0011,M0124,智能网关 Pro,NFC天线 v2,4,个,1,14.3,0.029,1,0.6,"M0261,M0272,M0112"
P0011,M0050,智能网关 Pro,继电器 5V,5,个,2,14.3,0.009,2,0.25,"M0114,M0178"
P0011,M0021,智能网关 Pro,电解电容 100μF,6,颗,2,14.3,0.005,3,0.08,"M0263,M0080"
P0011,M0004,智能网关 Pro,PCB主板,1,块,1,14.3,0.001,4,0.25,"M0019,M0133"
P0011,M0071,智能网关 Pro,ARM Cortex-A53芯片 v2,1,片,2,14.3,0.001,5,0.22,"M0007,M0135,M0199"
P0011,M0065,智能网关 Pro,ABS塑料外壳 v2,12,个,1,14.3,0.005,6,0.2,M0214
P0011,M0163,智能网关 Pro,包装彩盒(小) v3,10,个,1,14.2,0.025,7,0.06,"M0035,M0099"
P0012,M0185,智能网关 Mini,磁铁 钕磁铁 10x2mm v3,13,片,2,33.3,0.012,1,0.6,"M0057,M0121"
P0012,M0071,智能网关 Mini,ARM Cortex-A53芯片 v2,6,片,2,33.3,0.023,2,0.25,"M0007,M0135,M0199"
P0012,M0074,智能网关 Mini,DSP处理器 v2,3,片,2,33.4,0.001,3,0.1,"M0010,M0138"
P0013,M0055,智能门锁 标准版,弹簧 拉伸,4,个,2,25,0.02,1,0.6,"M0119,M0183"
P0013,M0052,智能门锁 标准版,螺丝 M2*6 不锈钢,8,颗,2,25,0.019,2,0.25,
P0013,M0138,智能门锁 标准版,DSP处理器 v3,1,片,2,25,0.012,3,0.1,"M0010,M0074"
P0013,M0070,智能门锁 标准版,FPC柔性排线 v2,11,根,2,25,0.003,4,0.03,"M0006,M0134,M0198"
P0014,M0122,智能门锁 Pro,导热硅脂 v2,10,g,2,25,0.007,1,0.6,"M0058,M0186"
P0014,M0123,智能门锁 Pro,RFID标签 无源 v2,11,个,2,25,0.026,2,0.25,
P0014,M0167,智能门锁 Pro,电源线 3m v3,1,根,2,25,0.028,3,0.1,M0168
P0014,M0052,智能门锁 Pro,螺丝 M2*6 不锈钢,7,颗,2,25,0.025,4,0.03,"M0116,M0180"
P0015,M0075,智能门锁 青春版,WiFi模块 802.11ac v2,15,个,1,20,0.016,1,0.6,"M0034,M0257"
P0015,M0010,智能门锁 青春版,DSP处理器,8,片,2,20,0.028,2,0.25,"M0074,M0138"
P0015,M0003,智能门锁 青春版,铝合金散热片,13,片,2,20,0.014,3,0.1,
P0015,M0077,智能门锁 青春版,Zigbee模块 v2,3,个,1,20,0.003,4,0.03,"M0013,M0141"
P0015,M0182,智能门锁 青春版,螺母 M3 v3,7,颗,2,20,0.022,5,0.02,"M0054,M0118"
P0016,M0087,温湿度传感器,钽电容 10μF v2,12,颗,2,14.3,0.017,1,0.6,"M0023,M0151"
P0016,M0021,温湿度传感器,电解电容 100μF,15,颗,2,14.3,0.005,2,0.1,M0051
P0016,M0004,温湿度传感器,PCB主板,1,块,1,14.3,0.001,3,0.22,"M0019,M0133"
P0016,M0071,温湿度传感器,ARM Cortex-A53芯片 v2,1,片,2,14.3,0.001,4,0.2,"M0007,M0135,M0199"
P0016,M0065,温湿度传感器,ABS塑料外壳 v2,18,个,1,14.3,0.005,5,0.18,
P0016,M0162,温湿度传感器,包装彩盒(中) v3,12,个,1,14.3,0.025,6,0.08,"M0034,M0098"
P0016,M0051,温湿度传感器,继电器 12V,15,个,2,14.2,0.022,7,0.07,"M0115,M0179"
P0017,M0132,人体感应器 PIR,PCB主板 v3,7,块,1,20,0.028,1,0.6,"M0004,M0068,M0196"
P0017,M0084,人体感应器 PIR,LED驱动器 v2,1,个,2,20,0.012,2,0.25,"M0296,M0259"
P0017,M0023,人体感应器 PIR,钽电容 10μF,7,颗,2,20,0.008,3,0.1,"M0087,M0151"
P0017,M0103,人体感应器 PIR,电源线 3m v2,5,根,2,20,0.017,4,0.03,
P0017,M0172,人体感应器 PIR,显示屏 OLED 0.96寸 v3,9,块,1,20,0.008,5,0.02,
P0018,M0104,门窗传感器,USB数据线 Type-C v2,10,根,2,14.3,0.028,1,0.6,"M0040,M0168"
P0018,M0176,门窗传感器,锂电池 聚合物3000mAh v3,6,块,1,14.3,0.007,2,0.25,"M0048,M0112"
P0018,M0021,门窗传感器,电解电容 100μF,12,颗,2,14.3,0.005,3,0.1,
P0018,M0004,门窗传感器,PCB主板,1,块,1,14.3,0.001,4,0.22,"M0019,M0133"
P0018,M0071,门窗传感器,ARM Cortex-A53芯片 v2,1,片,2,14.3,0.001,5,0.2,"M0007,M0135,M0199"
P0018,M0065,门窗传感器,ABS塑料外壳 v2,20,个,1,14.3,0.005,6,0.18,
P0018,M0162,门窗传感器,包装彩盒(中) v3,14,个,1,14.2,0.025,7,0.08,"M0034,M0098"
P0019,M0180,烟雾报警器,螺丝 M2*6 不锈钢 v3,10,颗,2,14.3,0.018,1,0.6,"M0159,M0151"
P0019,M0141,烟雾报警器,Zigbee模块 v3,12,个,1,14.3,0.016,2,0.25,"M0013,M0077"
P0019,M0021,烟雾报警器,电解电容 100μF,14,颗,2,14.3,0.005,3,0.1,
P0019,M0004,烟雾报警器,PCB主板,1,块,1,14.3,0.001,4,0.22,"M0019,M0133"
P0019,M0071,烟雾报警器,ARM Cortex-A53芯片 v2,1,片,2,14.3,0.001,5,0.2,"M0007,M0135,M0199"
P0019,M0065,烟雾报警器,ABS塑料外壳 v2,18,个,1,14.3,0.005,6,0.18,
P0019,M0162,烟雾报警器,包装彩盒(中) v3,12,个,1,14.2,0.025,7,0.08,"M0034,M0098"
P0020,M0141,燃气报警器,Zigbee模块 v3,14,个,1,14.3,0.006,1,0.6,"M0013,M0077"
P0020,M0021,燃气报警器,电解电容 100μF,12,颗,2,14.3,0.005,2,0.12,
P0020,M0004,燃气报警器,PCB主板,1,块,1,14.3,0.001,3,0.22,"M0019,M0133"
P0020,M0071,燃气报警器,ARM Cortex-A53芯片 v2,1,片,2,14.3,0.001,4,0.18,"M0007,M0135,M0199"
P0020,M0065,燃气报警器,ABS塑料外壳 v2,15,个,1,14.3,0.005,5,0.18,
P0020,M0163,燃气报警器,包装彩盒(小) v3,10,个,1,14.3,0.025,6,0.08,"M0035,M0099"
P0020,M0051,燃气报警器,继电器 12V,12,个,2,14.2,0.022,7,0.07,"M0115,M0179"
P0021,M0053,水浸传感器,螺丝 M3*8 不锈钢,14,颗,2,14.3,0.013,1,0.6,"M0117,M0181"
P0021,M0184,水浸传感器,弹簧 压缩 v3,1,个,2,14.3,0.004,2,0.25,"M0056,M0120"
P0021,M0021,水浸传感器,电解电容 100μF,14,颗,2,14.3,0.005,3,0.12,"M0048,M0261,M0283"
P0021,M0004,水浸传感器,PCB主板,1,块,1,14.3,0.001,4,0.22,"M0019,M0133"
P0021,M0071,水浸传感器,ARM Cortex-A53芯片 v2,1,片,2,14.3,0.001,5,0.2,"M0007,M0135,M0199"
P0021,M0065,水浸传感器,ABS塑料外壳 v2,16,个,1,14.3,0.005,6,0.18,
P0021,M0163,水浸传感器,包装彩盒(小) v3,11,个,1,14.2,0.025,7,0.07,"M0035,M0099"
P0022,M0186,无线开关,导热硅脂 v3,7,g,2,20,0.021,1,0.6,
P0022,M0006,无线开关,FPC柔性排线,8,根,2,20,0.002,2,0.25,"M0070,M0134,M0198"
P0022,M0102,无线开关,电源线 1.5m v2,13,根,2,20,0.03,3,0.1,"M0038,M0166"
P0022,M0002,无线开关,PC透明罩,7,个,1,20,0.009,4,0.03,"M0076,M0091,M0082"
P0022,M0001,无线开关,ABS塑料外壳,3,个,1,20,0.004,5,0.02,"M0065,M0129,M0193"
P0023,M0115,情景开关 4键,继电器 12V v2,3,个,2,12.5,0.016,1,0.6,"M0051,M0179"
P0023,M0097,情景开关 4键,包装彩盒(大) v2,8,个,1,12.5,0.022,2,0.25,
P0023,M0021,情景开关 4键,电解电容 100μF,4,颗,2,12.5,0.003,3,0.1,"M0085,M0149"
P0023,M0175,情景开关 4键,锂电池 18650 v3,1,节,1,12.5,0.009,4,0.03,"M0151,M0169,M0171"
P0023,M0170,情景开关 4键,传感器模块 气压 v3,10,个,2,12.5,0.016,5,0.02,"M0042,M0106"
P0023,M0139,情景开关 4键,WiFi模块 802.11ac v3,8,个,1,12.5,0.025,6,0.01,"M0011,M0075"
P0023,M0002,情景开关 4键,PC透明罩,12,个,1,12.5,0.016,7,0.01,"M0066,M0130,M0194"
P0023,M0146,情景开关 4键,LED灯珠 RGB v3,11,颗,2,12.5,0.02,8,0.01,"M0018,M0082"
P0024,M0196,旋钮开关 调光,PCB主板 v4,1,块,1,16.7,0.018,1,0.6,
P0024,M0029,旋钮开关 调光,晶振 24MHz,7,颗,2,16.7,0.02,2,0.25,"M0093,M0157"
P0024,M0009,旋钮开关 调光,MCU STM32F103,13,片,2,16.7,0.007,3,0.1,"M0073,M0137"
P0024,M0170,旋钮开关 调光,传感器模块 气压 v3,1,个,2,16.7,0.013,4,0.03,"M0171,M0190"
P0024,M0108,旋钮开关 调光,显示屏 OLED 0.96寸 v2,8,块,1,16.7,0.023,5,0.02,"M0044,M0172"
P0024,M0158,旋钮开关 调光,整流二极管 v3,12,颗,2,16.5,0.004,6,0.01,"M0030,M0094"
P0025,M0083,空调伴侣,LED灯珠 暖白3000K v2,1,颗,2,25,0.028,1,0.6,"M0019,M0147"
P0025,M0061,空调伴侣,GPS模块,13,个,1,25,0.027,2,0.25,"M0125,M0189"
P0025,M0078,空调伴侣,LoRa模块 v2,10,个,1,25,0.013,3,0.1,"M0141,M0234,M0049"
P0025,M0037,空调伴侣,EVA衬垫,8,片,1,25,0.029,4,0.03,"M0101,M0165"
P0026,M0039,窗帘电机,电源线 3m,13,根,2,33.3,0.009,1,0.6,
P0026,M0077,窗帘电机,Zigbee模块 v2,11,个,1,33.3,0.024,2,0.25,"M0013,M0141"
P0026,M0097,窗帘电机,包装彩盒(大) v2,14,个,1,33.4,0.017,3,0.1,"M0068,M0286,M0109"
P0027,M0166,窗帘轨道 3m,电源线 1.5m v3,8,根,2,33.3,0.025,1,0.6,"M0038,M0102"
P0027,M0021,窗帘轨道 3m,电解电容 100μF,1,颗,2,33.3,0.011,2,0.25,"M0085,M0149"
P0027,M0096,窗帘轨道 3m,MOSFET NMOS v2,9,颗,2,33.4,0.009,3,0.1,"M0032,M0160"
P0028,M0186,智能摄像头 室内,导热硅脂 v3,4,g,2,25,0.006,1,0.6,M0184
P0028,M0172,智能摄像头 室内,显示屏 OLED 0.96寸 v3,11,块,1,25,0.022,2,0.25,"M0044,M0108"
P0028,M0048,智能摄像头 室内,锂电池 聚合物3000mAh,6,片,1,25,0.018,3,0.1,
P0028,M0191,智能摄像头 室内,麦克风 MEMS v3,8,个,2,25,0.012,4,0.03,"M0216,M0262,M0084"
P0029,M0064,智能摄像头 室外,蜂鸣器 有源,7,个,1,25,0.015,1,0.6,"M0128,M0192"
P0029,M0136,智能摄像头 室外,ARM Cortex-A35芯片 v3,9,片,2,25,0.008,2,0.25,"M0008,M0136,M0200"
P0029,M0089,智能摄像头 室外,贴片电阻 1kΩ v2,12,颗,2,25,0.022,3,0.1,
P0029,M0105,智能摄像头 室外,传感器模块 温湿度 v2,8,个,2,25,0.021,4,0.03,"M0041,M0169"
P0030,M0007,智能门铃,ARM Cortex-A53芯片,11,片,2,20,0.014,1,0.6,"M0071,M0135,M0199"
P0030,M0047,智能门铃,锂电池 18650,7,节,1,20,0.025,2,0.25,"M0111,M0175"
P0030,M0144,智能门铃,电源模块 12V1A v3,9,个,1,20,0.018,3,0.1,"M0276,M0009"
P0030,M0059,智能门铃,RFID标签 无源,12,个,2,20,0.009,4,0.03,"M0123,M0187"
P0030,M0044,智能门铃,显示屏 OLED 0.96寸,9,块,1,20,0.016,5,0.02,
P0031,M0082,智能温控器,LED灯珠 RGB v2,10,颗,2,25,0.022,1,0.6,"M0018,M0146"
P0031,M0041,智能温控器,传感器模块 温湿度,11,个,2,25,0.018,2,0.25,"M0105,M0169"
P0031,M0143,智能温控器,电源模块 5V2A v3,7,块,1,25,0.025,3,0.1,
P0031,M0109,智能温控器,显示屏 TFT 2.4寸 v2,8,颗,1,25,0.012,4,0.03,"M0052,M0180"
P0032,M0168,智能空气净化器,USB数据线 Type-C v3,15,根,1,20,0.015,1,0.6,"M0040,M0104"
P0032,M0117,智能空气净化器,螺丝 M3*8 不锈钢 v2,13,颗,1,20,0.022,2,0.25,"M0273,M0031,M0222"
P0032,M0079,智能空气净化器,电源模块 5V2A v2,9,个,1,20,0.018,3,0.1,"M0015,M0143"
P0032,M0128,智能空气净化器,蜂鸣器 有源 v2,9,个,2,20,0.024,4,0.03,"M0064,M0192"
P0032,M0035,智能空气净化器,包装彩盒(小),14,个,1,20,0.012,5,0.02,"M0013,M0142,M0058"
P0033,M0134,智能除湿机,FPC柔性排线 v3,18,根,1,25,0.02,1,0.6,"M0006,M0070,M0198"
P0033,M0120,智能除湿机,弹簧 压缩 v2,11,个,1,25,0.015,2,0.25,"M0056,M0184"
P0033,M0081,智能除湿机,电源模块 24V2A v2,10,个,1,25,0.022,3,0.1,"M0067,M0133,M0254"
P0033,M0045,智能除湿机,显示屏 TFT 2.4寸,6,块,1,25,0.018,4,0.03,"M0109,M0173"
P0034,M0152,智能扫地机器人,贴片电阻 10kΩ v3,15,颗,1,20,0.018,1,0.6,
P0034,M0160,智能扫地机器人,MOSFET NMOS v3,16,颗,1,20,0.012,2,0.25,
P0034,M0112,智能扫地机器人,锂电池 聚合物3000mAh v2,19,块,1,20,0.008,3,0.1,"M0253,M0040"
P0034,M0107,智能扫地机器人,传感器模块 陀螺仪 v2,8,个,2,20,0.025,4,0.03,
P0034,M0145,智能扫地机器人,电源模块 24V2A v3,12,个,1,20,0.022,5,0.02,M0290
P0035,M0178,智能投影仪,继电器 5V v3,19,个,1,20,0.008,1,0.6,"M0050,M0114"
P0035,M0179,智能投影仪,继电器 12V v3,17,个,1,20,0.012,2,0.25,"M0051,M0115"
P0035,M0181,智能投影仪,螺丝 M3*8 不锈钢 v3,14,颗,1,20,0.015,3,0.1,"M0053,M0117"
P0035,M0183,智能投影仪,弹簧 拉伸 v3,13,个,1,20,0.018,4,0.03,"M0055,M0119"
P0035,M0187,智能投影仪,RFID标签 无源 v3,17,个,1,20,0.012,5,0.02,"M0059,M0123"
P0036,M0241,智能行车记录仪,摄像头模组 1080P AF,15,颗,1,22.73,0.015,1,0.6,"M0025,M0089"
P0036,M0154,智能行车记录仪,贴片电阻 100Ω v3,13,颗,1,22.73,0.012,2,0.25,"M0026,M0090"
P0036,M0155,智能行车记录仪,电感器 10μH v3,10,颗,1,22.73,0.018,3,0.1,"M0027,M0091"
P0036,M0111,智能行车记录仪,锂电池 18650 v2,8,颗,1,22.73,0.022,4,0.03,
P0037,M0190,智能手环,扬声器 3W v3,19,个,1,19.23,0.012,1,0.6,"M0062,M0126"
P0037,M0191,智能手环,麦克风 MEMS v3,15,个,2,19.23,0.015,2,0.25,"M0063,M0127"
P0037,M0259,智能手环,加速度传感器 MPU6050,13,个,2,19.23,0.018,3,0.1,"M0175,M0173"
P0037,M0193,智能手环,ABS塑料外壳 v4,9,个,1,19.23,0.022,4,0.03,"M0001,M0065,M0129"
P0038,M0197,智能手表,PCB副板 v4,16,块,1,13.33,0.012,1,0.6,M0180
P0038,M0198,智能手表,FPC柔性排线 v4,15,根,1,13.33,0.015,2,0.25,"M0006,M0070,M0134"
P0038,M0199,智能手表,ARM Cortex-A53芯片 v4,12,片,1,13.33,0.018,3,0.1,"M0007,M0071,M0135"
P0038,M0200,智能手表,ARM Cortex-A35芯片 v4,11,片,1,13.33,0.022,4,0.03,
P0038,M0062,智能手表,扬声器 3W,16,个,1,13.33,0.016,5,0.02,M0026
P0039,M0056,智能耳机 TWS,弹簧 压缩,12,个,2,25.62,0.02,1,0.6,"M0120,M0184"
P0039,M0043,智能耳机 TWS,传感器模块 陀螺仪,16,个,2,25.62,0.015,2,0.25,"M0107,M0171"
P0039,M0063,智能耳机 TWS,麦克风 MEMS,19,个,2,25.69,0.012,3,0.1,"M0127,M0191"
P0040,M0177,智能充电座,纽扣电池 CR2032 v3,10,颗,1,41.67,0.025,1,0.6,"M0049,M0113"
P0040,M0015,智能充电座,电源模块 5V2A,16,个,1,41.67,0.018,2,0.25,"M0079,M0143"
P0041,M0019,智能台灯,LED灯珠 暖白3000K,18,颗,2,17.86,0.015,1,0.6,"M0083,M0147"
P0041,M0020,智能台灯,LED驱动器,16,个,2,17.86,0.018,2,0.25,
P0041,M0016,智能台灯,电源模块 12V1A,12,个,1,17.86,0.022,3,0.1,"M0141,M0144,M0073"
P0041,M0030,智能台灯,整流二极管,10,颗,2,17.86,0.025,4,0.03,M0063
P0042,M0057,智能加湿器,磁铁 钕磁铁 10x2mm,14,片,2,16.67,0.018,1,0.6,
P0042,M0058,智能加湿器,导热硅脂,12,g,2,16.67,0.022,2,0.25,
P0042,M0060,智能加湿器,NFC天线,9,个,1,16.67,0.025,3,0.1,M0228
P0042,M0017,智能加湿器,电源模块 24V2A,15,个,1,16.67,0.018,4,0.03,"M0081,M0145"
P0043,M0028,智能电饭煲,晶振 32.768kHz,12,颗,2,15.38,0.02,1,0.6,"M0092,M0156"
P0043,M0032,智能电饭煲,MOSFET NMOS,16,颗,2,15.38,0.015,2,0.25,"M0096,M0160"
P0043,M0022,智能电饭煲,电解电容 220μF,19,颗,2,15.38,0.012,3,0.1,M0221
P0043,M0027,智能电饭煲,电感器 10μH,11,颗,2,15.38,0.022,4,0.03,"M0091,M0155"
P0043,M0026,智能电饭煲,贴片电阻 100Ω,12,颗,2,15.38,0.02,5,0.02,"M0090,M0154"
P0044,M0031,智能压力锅,TVS保护二极管,14,颗,2,16.67,0.018,1,0.6,
P0044,M0030,智能压力锅,整流二极管,17,颗,2,16.67,0.015,2,0.25,"M0094,M0158"
P0044,M0025,智能压力锅,贴片电阻 1kΩ,12,颗,2,16.67,0.02,3,0.1,
P0044,M0024,智能压力锅,贴片电阻 10kΩ,19,颗,2,16.67,0.012,4,0.03,"M0088,M0152"
P0044,M0023,智能压力锅,钽电容 10μF,18,颗,2,16.67,0.015,5,0.02,
P0045,M0062,智能微波炉,扬声器 3W,15,个,1,19.23,0.015,1,0.6,"M0043,M0247,M0240"
P0045,M0063,智能微波炉,麦克风 MEMS,13,个,2,19.23,0.018,2,0.25,
P0045,M0064,智能微波炉,蜂鸣器 有源,19,个,1,19.23,0.012,3,0.1,
P0045,M0061,智能微波炉,GPS模块,9,个,1,19.23,0.022,4,0.03,
P0046,M0054,智能烤箱,螺母 M3,14,颗,2,14.29,0.018,1,0.6,M0133
P0046,M0053,智能烤箱,螺丝 M3*8 不锈钢,17,颗,2,14.29,0.015,2,0.25,"M0117,M0181"
P0046,M0052,智能烤箱,螺丝 M2*6 不锈钢,12,颗,2,14.29,0.02,3,0.1,
P0046,M0051,智能烤箱,继电器 12V,19,个,2,14.29,0.012,4,0.03,
P0046,M0050,智能烤箱,继电器 5V,18,个,2,14.29,0.015,5,0.02,"M0114,M0178"
P0047,M0048,智能洗碗机,锂电池 聚合物3000mAh,15,块,1,17.86,0.015,1,0.6,"M0112,M0176"
P0047,M0047,智能洗碗机,锂电池 18650,13,节,1,17.86,0.018,2,0.25,M0234
P0047,M0046,智能洗碗机,触摸面板 电容式,19,块,1,17.86,0.012,3,0.1,"M0110,M0174"
P0047,M0045,智能洗碗机,显示屏 TFT 2.4寸,9,块,1,17.86,0.022,4,0.03,"M0109,M0173"
P0048,M0044,智能洗衣机,显示屏 OLED 0.96寸,14,块,1,16.67,0.018,1,0.6,"M0108,M0172"
P0048,M0043,智能洗衣机,传感器模块 陀螺仪,17,个,2,16.67,0.015,2,0.25,
P0048,M0042,智能洗衣机,传感器模块 气压,12,个,2,16.67,0.02,3,0.1,"M0106,M0170"
P0048,M0041,智能洗衣机,传感器模块 温湿度,19,个,2,16.67,0.012,4,0.03,"M0105,M0169"
P0048,M0040,智能洗衣机,USB数据线 Type-C,18,根,2,16.67,0.015,5,0.02,"M0104,M0168"
P0049,M0039,智能冰箱,电源线 3m,15,根,2,13.33,0.015,1,0.6,"M0107,M0024"
P0049,M0038,智能冰箱,电源线 1.5m,13,根,2,13.33,0.018,2,0.25,"M0102,M0166"
P0049,M0165,智能冰箱,EVA衬垫 v3,19,片,1,13.33,0.012,3,0.1,
P0049,M0036,智能冰箱,珍珠棉内托,9,个,2,13.33,0.022,4,0.03,"M0100,M0164"
P0049,M0035,智能冰箱,包装彩盒(小),14,个,1,13.33,0.018,5,0.02,"M0099,M0163"
P0050,M0034,智能空调,包装彩盒(中),16,个,1,14.29,0.012,1,0.6,"M0098,M0162"
P0050,M0033,智能空调,包装彩盒(大),15,个,1,14.29,0.015,2,0.25,"M0097,M0161"
P0050,M0032,智能空调,MOSFET NMOS,12,颗,2,14.29,0.018,3,0.1,
P0050,M0031,智能空调,TVS保护二极管,19,颗,2,14.29,0.012,4,0.03,
P0050,M0030,智能空调,整流二极管,18,颗,2,14.29,0.015,5,0.02,"M0094,M0158"
P0043,M0151,智能电饭煲,钽电容 10μF v3,9,颗,1,7.69,0.019,6,0.05,"M0023,M0087"
P0037,M0151,智能手环,钽电容 10μF v3,6,颗,1,7.69,0.011,5,0.07,"M0023,M0087"
P0036,M0151,智能行车记录仪,钽电容 10μF v3,6,颗,1,9.09,0.017,5,0.03,"M0023,M0087"
P0046,M0151,智能烤箱,钽电容 10μF v3,7,颗,1,7.14,0.017,6,0.06,M0192
P0045,M0151,智能微波炉,钽电容 10μF v3,13,颗,1,7.69,0.023,5,0.04,
P0039,M0151,智能耳机 TWS,钽电容 10μF v3,12,颗,1,7.69,0.03,4,0.03,"M0023,M0087"
P0038,M0151,智能手表,钽电容 10μF v3,13,颗,1,6.67,0.009,6,0.03,
P0044,M0161,智能压力锅,包装彩盒(大) v3,13,个,1,8.33,0.012,6,0.02,"M0033,M0097"
P0047,M0161,智能洗碗机,包装彩盒(大) v3,9,个,1,7.14,0.026,5,0.05,"M0033,M0097"
P0038,M0161,智能手表,包装彩盒(大) v3,15,个,1,6.67,0.017,7,0.03,"M0033,M0097"
P0037,M0161,智能手环,包装彩盒(大) v3,13,个,1,7.69,0.017,6,0.04,"M0158,M0173,M0170"
P0040,M0161,智能充电座,包装彩盒(大) v3,13,个,1,8.33,0.014,3,0.08,"M0033,M0097"
P0042,M0161,智能加湿器,包装彩盒(大) v3,8,个,1,6.67,0.03,5,0.03,"M0033,M0097"
P0041,M0161,智能台灯,包装彩盒(大) v3,11,个,1,7.14,0.011,5,0.07,"M0033,M0097"
P0041,M0165,智能台灯,EVA衬垫 v3,11,片,1,7.14,0.03,6,0.07,M0183
P0047,M0165,智能洗碗机,EVA衬垫 v3,15,片,1,7.14,0.03,6,0.05,"M0037,M0101"
P0043,M0165,智能电饭煲,EVA衬垫 v3,5,片,1,7.69,0.008,7,0.08,"M0173,M0194"
P0042,M0165,智能加湿器,EVA衬垫 v3,12,片,1,6.67,0.007,6,0.07,"M0037,M0101"
P0047,M0169,智能洗碗机,传感器模块 温湿度 v3,6,个,1,7.14,0.017,7,0.08,"M0041,M0105"
P0038,M0169,智能手表,传感器模块 温湿度 v3,10,个,1,6.67,0.021,8,0.04,"M0041,M0105"
P0042,M0169,智能加湿器,传感器模块 温湿度 v3,6,个,1,6.67,0.026,7,0.07,"M0041,M0105"
P0046,M0169,智能烤箱,传感器模块 温湿度 v3,13,个,1,7.14,0.015,7,0.04,"M0041,M0105"
P0049,M0169,智能冰箱,传感器模块 温湿度 v3,12,个,1,6.67,0.027,6,0.02,"M0041,M0105"
P0039,M0171,智能耳机 TWS,传感器模块 陀螺仪 v3,11,个,1,7.69,0.029,5,0.07,"M0043,M0107"
P0046,M0171,智能烤箱,传感器模块 陀螺仪 v3,6,个,1,7.14,0.016,8,0.06,"M0043,M0107"
P0049,M0171,智能冰箱,传感器模块 陀螺仪 v3,5,个,1,6.67,0.006,7,0.07,"M0043,M0107"
P0040,M0171,智能充电座,传感器模块 陀螺仪 v3,9,个,1,8.33,0.014,4,0.05,"M0043,M0107"
P0050,M0171,智能空调,传感器模块 陀螺仪 v3,8,个,1,7.14,0.018,6,0.05,
P0038,M0174,智能手表,触摸面板 电容式 v3,14,块,1,6.67,0.022,9,0.05,"M0046,M0110"
P0050,M0174,智能空调,触摸面板 电容式 v3,14,块,1,7.14,0.009,7,0.05,"M0046,M0110"
P0037,M0174,智能手环,触摸面板 电容式 v3,9,块,1,7.69,0.016,7,0.06,M0166
P0045,M0174,智能微波炉,触摸面板 电容式 v3,12,块,1,7.69,0.028,6,0.06,"M0046,M0110"
P0042,M0174,智能加湿器,触摸面板 电容式 v3,7,块,1,6.67,0.007,8,0.08,
P0046,M0177,智能烤箱,纽扣电池 CR2032 v3,12,颗,1,7.14,0.008,9,0.04,
P0042,M0177,智能加湿器,纽扣电池 CR2032 v3,10,颗,1,6.67,0.019,9,0.08,"M0049,M0113"
P0047,M0177,智能洗碗机,纽扣电池 CR2032 v3,9,颗,1,7.14,0.006,8,0.07,
P0050,M0177,智能空调,纽扣电池 CR2032 v3,11,颗,1,7.14,0.012,8,0.05,"M0049,M0113"
P0043,M0177,智能电饭煲,纽扣电池 CR2032 v3,15,颗,1,7.69,0.024,8,0.08,"M0049,M0113"
P0049,M0177,智能冰箱,纽扣电池 CR2032 v3,14,颗,1,6.67,0.024,8,0.07,"M0163,M0175,M0155"
P0048,M0188,智能洗衣机,NFC天线 v3,15,个,1,8.33,0.01,6,0.04,
P0050,M0188,智能空调,NFC天线 v3,15,个,1,7.14,0.022,9,0.03,"M0060,M0124"
P0039,M0188,智能耳机 TWS,NFC天线 v3,6,个,1,7.69,0.028,6,0.06,"M0060,M0124"
P0045,M0188,智能微波炉,NFC天线 v3,9,个,1,7.69,0.025,7,0.02,
P0041,M0188,智能台灯,NFC天线 v3,10,个,1,7.14,0.023,7,0.03,"M0060,M0124"
P0049,M0188,智能冰箱,NFC天线 v3,9,个,1,6.67,0.013,9,0.04,"M0060,M0124"
P0038,M0189,智能手表,GPS模块 v3,13,个,1,6.67,0.028,10,0.07,"M0061,M0125"
P0048,M0189,智能洗衣机,GPS模块 v3,9,个,1,8.33,0.028,7,0.08,"M0061,M0125"
P0044,M0189,智能压力锅,GPS模块 v3,9,个,1,8.33,0.024,7,0.04,
P0041,M0189,智能台灯,GPS模块 v3,6,个,1,7.14,0.017,8,0.02,"M0179,M0166"
P0049,M0189,智能冰箱,GPS模块 v3,8,个,1,6.67,0.027,10,0.06,
P0051,M0149,智能门锁 Pro,电解电容 100μF v3,9,颗,2,14.3,0.005,1,0.54,"M0101,M0069,M0146"
P0051,M0193,智能门锁 Pro,ABS塑料外壳 v4,15,个,1,14.3,0.005,2,0.29,
P0051,M0115,智能门锁 Pro,继电器 12V v2,8,个,2,14.3,0.022,3,0.08,
P0051,M0099,智能门锁 Pro,包装彩盒(小) v2,9,个,1,14.3,0.025,4,0.03,
P0051,M0142,智能门锁 Pro,LoRa模块 v3,9,个,1,14.3,0.025,5,0.02,
P0051,M0199,智能门锁 Pro,ARM Cortex-A53芯片 v4,1,片,2,14.3,0.001,6,0.01,"M0152,M0179,M0184"
P0051,M0031,智能门锁 Pro,TVS保护二极管,6,颗,2,14.2,0.004,7,0.01,
P0052,M0095,智能摄像头 360,TVS保护二极管 v2,8,颗,2,33.3,0.024,1,0.57,M0019
P0052,M0036,智能摄像头 360,珍珠棉内托,11,个,1,33.3,0.009,2,0.27,M0015
P0052,M0136,智能摄像头 360,ARM Cortex-A35芯片 v3,2,片,2,33.4,0.002,3,0.09,
P0053,M0056,智能路由器 AX,弹簧 压缩,12,个,2,14.3,0.015,1,0.65,"M0224,M0042,M0251"
P0053,M0146,智能路由器 AX,LED灯珠 RGB v3,2,颗,2,14.3,0.007,2,0.3,
P0053,M0021,智能路由器 AX,电解电容 100μF,6,颗,2,14.3,0.005,3,0.15,M0063
P0053,M0004,智能路由器 AX,PCB主板,1,块,1,14.3,0.001,4,0.25,"M0019,M0133"
P0053,M0071,智能路由器 AX,ARM Cortex-A53芯片 v2,1,片,2,14.3,0.002,5,0.18,"M0007,M0135,M0199"
P0053,M0065,智能路由器 AX,ABS塑料外壳 v2,10,个,1,14.3,0.005,6,0.12,M0028
P0053,M0163,智能路由器 AX,包装彩盒(小) v3,7,个,1,14.2,0.025,7,0.05,"M0035,M0099"
P0054,M0021,智能插座 Mini,电解电容 100μF,9,颗,2,14.3,0.005,1,0.57,
P0054,M0129,智能插座 Mini,ABS塑料外壳 v3,12,个,1,14.3,0.005,2,0.24,M0115
P0054,M0179,智能插座 Mini,继电器 12V v3,10,个,2,14.3,0.022,3,0.09,
P0054,M0163,智能插座 Mini,包装彩盒(小) v3,8,个,1,14.3,0.025,4,0.03,
P0054,M0142,智能插座 Mini,LoRa模块 v3,10,个,1,14.3,0.025,5,0.02,
P0054,M0199,智能插座 Mini,ARM Cortex-A53芯片 v4,1,片,2,14.3,0.001,6,0.01,
P0054,M0031,智能插座 Mini,TVS保护二极管,6,颗,2,14.2,0.004,7,0.01,
P0055,M0031,智能灯带 RGB,TVS保护二极管,7,颗,2,33.3,0.024,1,0.6,
P0055,M0164,智能灯带 RGB,珍珠棉内托 v3,11,个,1,33.3,0.009,2,0.21,
P0055,M0136,智能灯带 RGB,ARM Cortex-A35芯片 v3,2,片,2,33.4,0.002,3,0.1,
P0056,M0056,智能窗帘电机,弹簧 压缩,11,个,2,14.3,0.015,1,0.72,M0058
P0056,M0146,智能窗帘电机,LED灯珠 RGB v3,2,颗,2,14.3,0.007,2,0.29,
P0056,M0021,智能窗帘电机,电解电容 100μF,7,颗,2,14.3,0.005,3,0.14,"M0287,M0113,M0102"
P0056,M0004,智能窗帘电机,PCB主板,1,块,1,14.3,0.001,4,0.22,"M0019,M0133"
P0056,M0071,智能窗帘电机,ARM Cortex-A53芯片 v2,1,片,2,14.3,0.002,5,0.17,"M0007,M0135,M0199"
P0056,M0065,智能窗帘电机,ABS塑料外壳 v2,11,个,1,14.3,0.005,6,0.12,M0075
P0056,M0163,智能窗帘电机,包装彩盒(小) v3,8,个,1,14.2,0.025,7,0.06,"M0035,M0099"
P0057,M0149,智能温控器,电解电容 100μF v3,9,颗,2,14.3,0.005,1,0.58,
P0057,M0129,智能温控器,ABS塑料外壳 v3,15,个,1,14.3,0.005,2,0.25,
P0057,M0179,智能温控器,继电器 12V v3,11,个,2,14.3,0.022,3,0.08,"M0165,M0169"
P0057,M0163,智能温控器,包装彩盒(小) v3,10,个,1,14.3,0.025,4,0.03,"M0160,M0171,M0170"
P0057,M0014,智能温控器,LoRa模块,9,个,1,14.3,0.025,5,0.02,"M0138,M0292,M0095"
P0057,M0071,智能温控器,ARM Cortex-A53芯片 v2,1,片,2,14.3,0.001,6,0.01,
P0057,M0159,智能温控器,TVS保护二极管 v3,7,颗,2,14.2,0.004,7,0.01,"M0153,M0170"
P0058,M0095,智能烟雾报警器,TVS保护二极管 v2,7,颗,2,33.3,0.024,1,0.66,
P0058,M0100,智能烟雾报警器,珍珠棉内托 v2,10,个,1,33.3,0.009,2,0.25,
P0058,M0136,智能烟雾报警器,ARM Cortex-A35芯片 v3,2,片,2,33.4,0.002,3,0.11,"M0236,M0285,M0028"
P0059,M0149,智能门铃 视频版,电解电容 100μF v3,7,颗,2,14.3,0.005,1,0.62,"M0024,M0035,M0223"
P0059,M0129,智能门铃 视频版,ABS塑料外壳 v3,16,个,1,14.3,0.005,2,0.3,M0107
P0059,M0179,智能门铃 视频版,继电器 12V v3,9,个,2,14.3,0.022,3,0.1,M0156
P0059,M0035,智能门铃 视频版,包装彩盒(小),9,个,1,14.3,0.025,4,0.03,M0032
P0059,M0142,智能门铃 视频版,LoRa模块 v3,11,个,1,14.3,0.025,5,0.02,
P0059,M0135,智能门铃 视频版,ARM Cortex-A53芯片 v3,1,片,2,14.3,0.001,6,0.01,M0078
P0059,M0031,智能门铃 视频版,TVS保护二极管,6,颗,2,14.2,0.004,7,0.01,
P0060,M0188,智能净水器,NFC天线 v3,4,个,1,14.3,0.029,1,0.48,"M0171,M0186,M0152"
P0060,M0050,智能净水器,继电器 5V,4,个,2,14.3,0.009,2,0.21,
P0060,M0021,智能净水器,电解电容 100μF,10,颗,2,14.3,0.005,3,0.14,
P0060,M0004,智能净水器,PCB主板,1,块,1,14.3,0.001,4,0.22,"M0019,M0133"
P0060,M0071,智能净水器,ARM Cortex-A53芯片 v2,1,片,2,14.3,0.001,5,0.18,"M0007,M0135,M0199"
P0060,M0065,智能净水器,ABS塑料外壳 v2,14,个,1,14.3,0.005,6,0.22,
P0060,M0163,智能净水器,包装彩盒(小) v3,9,个,1,14.2,0.025,7,0.04,"M0035,M0099"
P0061,M0035,智能投影仪 Lite,包装彩盒(小),10,个,1,14.3,0.028,1,0.54,
P0061,M0094,智能投影仪 Lite,整流二极管 v2,11,颗,2,14.3,0.006,2,0.27,"M0008,M0247,M0285"
P0061,M0021,智能投影仪 Lite,电解电容 100μF,3,颗,2,14.3,0.005,3,0.1,"M0112,M0246,M0219"
P0061,M0005,智能投影仪 Lite,PCB副板,1,块,1,14.3,0.001,4,0.22,"M0019,M0133"
P0061,M0136,智能投影仪 Lite,ARM Cortex-A35芯片 v3,1,片,2,14.3,0.002,5,0.25,"M0008,M0200"
P0061,M0002,智能投影仪 Lite,PC透明罩,1,个,1,14.3,0.003,6,0.15,"M0002,M0172"
P0061,M0031,智能投影仪 Lite,TVS保护二极管,4,颗,2,14.2,0.004,7,0.05,"M0095,M0159"
P0062,M0024,智能体脂秤,贴片电阻 10kΩ,1,颗,2,25,0.008,1,0.54,M0109
P0062,M0037,智能体脂秤,EVA衬垫,8,片,1,25,0.025,2,0.21,
P0062,M0002,智能体脂秤,PC透明罩,10,个,1,25,0.009,3,0.11,"M0281,M0248,M0216"
P0062,M0170,智能体脂秤,传感器模块 气压 v3,3,个,2,25,0.015,4,0.03,"M0178,M0180"
P0063,M0196,智能手环 Fit,PCB主板 v4,8,块,1,25,0.002,1,0.53,
P0063,M0168,智能手环 Fit,USB数据线 Type-C v3,8,根,2,25,0.023,2,0.23,
P0063,M0158,智能手环 Fit,整流二极管 v3,5,颗,2,25,0.03,3,0.11,
P0063,M0081,智能手环 Fit,电源模块 24V2A v2,11,个,1,25,0.004,4,0.03,
P0064,M0152,智能手表 Sport,贴片电阻 10kΩ v3,1,颗,2,25,0.008,1,0.68,
P0064,M0037,智能手表 Sport,EVA衬垫,9,片,1,25,0.025,2,0.29,
P0064,M0130,智能手表 Sport,PC透明罩 v3,9,个,1,25,0.009,3,0.08,M0217
P0064,M0106,智能手表 Sport,传感器模块 气压 v2,4,个,2,25,0.015,4,0.03,
P0065,M0196,智能耳机 Pro,PCB主板 v4,10,块,1,25,0.002,1,0.64,"M0200,M0157,M0188"
P0065,M0168,智能耳机 Pro,USB数据线 Type-C v3,7,根,2,25,0.023,2,0.3,"M0174,M0179,M0182"
P0065,M0158,智能耳机 Pro,整流二极管 v3,5,颗,2,25,0.03,3,0.08,
P0065,M0081,智能耳机 Pro,电源模块 24V2A v2,8,个,1,25,0.004,4,0.03,
P0066,M0099,智能充电宝 20000mAh,包装彩盒(小) v2,10,个,1,14.3,0.028,1,0.5,
P0066,M0158,智能充电宝 20000mAh,整流二极管 v3,11,颗,2,14.3,0.006,2,0.29,
P0066,M0021,智能充电宝 20000mAh,电解电容 100μF,3,颗,2,14.3,0.005,3,0.1,
P0066,M0005,智能充电宝 20000mAh,PCB副板,1,块,1,14.3,0.001,4,0.22,"M0019,M0133"
P0066,M0136,智能充电宝 20000mAh,ARM Cortex-A35芯片 v3,1,片,2,14.3,0.002,5,0.25,"M0008,M0200"
P0066,M0002,智能充电宝 20000mAh,PC透明罩,1,个,1,14.3,0.003,6,0.15,"M0002,M0172"
P0066,M0031,智能充电宝 20000mAh,TVS保护二极管,4,颗,2,14.2,0.004,7,0.05,"M0095,M0159"
P0067,M0152,智能键盘 机械版,贴片电阻 10kΩ v3,1,颗,2,25,0.008,1,0.58,"M0194,M0173,M0153"
P0067,M0037,智能键盘 机械版,EVA衬垫,11,片,1,25,0.025,2,0.22,
P0067,M0130,智能键盘 机械版,PC透明罩 v3,9,个,1,25,0.009,3,0.1,"M0134,M0092"
P0067,M0106,智能键盘 机械版,传感器模块 气压 v2,4,个,2,25,0.015,4,0.04,M0288
P0068,M0196,智能鼠标 静音版,PCB主板 v4,7,块,1,25,0.002,1,0.63,"M0173,M0186"
P0068,M0168,智能鼠标 静音版,USB数据线 Type-C v3,7,根,2,25,0.023,2,0.22,"M0157,M0169,M0158"
P0068,M0030,智能鼠标 静音版,整流二极管,6,颗,2,25,0.03,3,0.12,
P0068,M0081,智能鼠标 静音版,电源模块 24V2A v2,10,个,1,25,0.004,4,0.03,
P0069,M0170,智能音箱 Mini,传感器模块 气压 v3,10,个,2,20,0.03,1,0.61,
P0069,M0129,智能音箱 Mini,ABS塑料外壳 v3,6,个,1,20,0.011,2,0.29,
P0069,M0135,智能音箱 Mini,ARM Cortex-A53芯片 v3,15,片,2,20,0.014,3,0.09,
P0069,M0093,智能音箱 Mini,晶振 24MHz v2,9,颗,2,20,0.016,4,0.03,"M0131,M0246"
P0069,M0063,智能音箱 Mini,麦克风 MEMS,5,个,2,20,0.008,5,0.02,"M0267,M0001,M0256"
P0070,M0196,智能台灯 护眼版,PCB主板 v4,1,块,1,16.7,0.018,1,0.63,
P0070,M0029,智能台灯 护眼版,晶振 24MHz,6,颗,2,16.7,0.02,2,0.23,M0064
P0070,M0073,智能台灯 护眼版,MCU STM32F103 v2,11,片,2,16.7,0.007,3,0.1,
P0070,M0170,智能台灯 护眼版,传感器模块 气压 v3,1,个,2,16.7,0.013,4,0.03,"M0177,M0174,M0165"
P0070,M0108,智能台灯 护眼版,显示屏 OLED 0.96寸 v2,9,块,1,16.7,0.023,5,0.02,"M0219,M0279"
P0070,M0030,智能台灯 护眼版,整流二极管,12,颗,2,16.5,0.004,6,0.01,
P0071,M0135,智能加湿器,ARM Cortex-A53芯片 v3,10,片,2,20,0.014,1,0.7,
P0071,M0047,智能加湿器,锂电池 18650,6,节,1,20,0.025,2,0.24,M0110
P0071,M0080,智能加湿器,电源模块 12V1A v2,8,个,1,20,0.018,3,0.1,M0273
P0071,M0059,智能加湿器,RFID标签 无源,14,个,2,20,0.009,4,0.03,
P0071,M0044,智能加湿器,显示屏 OLED 0.96寸,8,块,1,20,0.016,5,0.02,
P0072,M0186,智能空气净化器,导热硅脂 v3,3,g,2,25,0.006,1,0.58,
P0072,M0044,智能空气净化器,显示屏 OLED 0.96寸,12,块,1,25,0.022,2,0.24,M0243
P0072,M0131,智能空气净化器,铝合金散热片 v3,5,片,1,25,0.018,3,0.11,
P0072,M0079,智能空气净化器,电源模块 5V2A v2,9,个,2,25,0.012,4,0.03,"M0112,M0291"
P0073,M0055,智能电饭煲,弹簧 拉伸,4,个,2,25,0.02,1,0.55,"M0021,M0098"
P0073,M0052,智能电饭煲,螺丝 M2*6 不锈钢,7,颗,2,25,0.019,2,0.2,
P0073,M0010,智能电饭煲,DSP处理器,1,片,2,25,0.012,3,0.08,"M0266,M0051,M0079"
P0073,M0070,智能电饭煲,FPC柔性排线 v2,10,根,2,25,0.003,4,0.03,M0275
P0074,M0058,智能烤箱 家用版,导热硅脂,12,g,2,25,0.007,1,0.51,
P0074,M0123,智能烤箱 家用版,RFID标签 无源 v2,10,个,2,25,0.026,2,0.3,"M0289,M0007"
P0074,M0103,智能烤箱 家用版,电源线 3m v2,1,根,2,25,0.028,3,0.09,M0092
P0074,M0052,智能烤箱 家用版,螺丝 M2*6 不锈钢,7,颗,2,25,0.025,4,0.04,
P0075,M0139,智能扫地机器人,WiFi模块 802.11ac v3,14,个,1,20,0.016,1,0.65,"M0095,M0212,M0034"
P0075,M0138,智能扫地机器人,DSP处理器 v3,8,片,2,20,0.028,2,0.21,
P0075,M0131,智能扫地机器人,铝合金散热片 v3,14,片,2,20,0.014,3,0.11,
P0075,M0013,智能扫地机器人,Zigbee模块,3,个,1,20,0.003,4,0.03,
P0075,M0054,智能扫地机器人,螺母 M3,7,颗,2,20,0.022,5,0.02,M0033
P0076,M0040,智能拖地机器人,USB数据线 Type-C,11,根,2,14.3,0.028,1,0.7,"M0052,M0104,M0214"
P0076,M0048,智能拖地机器人,锂电池 聚合物3000mAh,6,块,1,14.3,0.007,2,0.28,
P0076,M0021,智能拖地机器人,电解电容 100μF,10,颗,2,14.3,0.005,3,0.12,
P0076,M0004,智能拖地机器人,PCB主板,1,块,1,14.3,0.001,4,0.22,"M0019,M0133"
P0076,M0071,智能拖地机器人,ARM Cortex-A53芯片 v2,1,片,2,14.3,0.001,5,0.2,"M0007,M0135,M0199"
P0076,M0065,智能拖地机器人,ABS塑料外壳 v2,14,个,1,14.3,0.005,6,0.18,
P0076,M0162,智能拖地机器人,包装彩盒(中) v3,10,个,1,14.2,0.025,7,0.08,"M0034,M0098"
P0077,M0181,智能晾衣架,螺丝 M3*8 不锈钢 v3,14,颗,2,14.3,0.013,1,0.62,"M0163,M0176,M0188"
P0077,M0056,智能晾衣架,弹簧 压缩,1,个,2,14.3,0.004,2,0.27,M0286
P0077,M0021,智能晾衣架,电解电容 100μF,10,颗,2,14.3,0.005,3,0.12,
P0077,M0004,智能晾衣架,PCB主板,1,块,1,14.3,0.001,4,0.22,"M0019,M0133"
P0077,M0071,智能晾衣架,ARM Cortex-A53芯片 v2,1,片,2,14.3,0.001,5,0.2,"M0007,M0135,M0199"
P0077,M0065,智能晾衣架,ABS塑料外壳 v2,14,个,1,14.3,0.005,6,0.18,
P0077,M0163,智能晾衣架,包装彩盒(小) v3,8,个,1,14.2,0.025,7,0.08,"M0035,M0099"
P0078,M0077,智能保险柜,Zigbee模块 v2,15,个,1,14.3,0.006,1,0.55,M0128
P0078,M0021,智能保险柜,电解电容 100μF,10,颗,2,14.3,0.005,2,0.12,
P0078,M0004,智能保险柜,PCB主板,1,块,1,14.3,0.001,3,0.22,"M0019,M0133"
P0078,M0071,智能保险柜,ARM Cortex-A53芯片 v2,1,片,2,14.3,0.001,4,0.18,"M0007,M0135,M0199"
P0078,M0065,智能保险柜,ABS塑料外壳 v2,14,个,1,14.3,0.005,5,0.18,"M0058,M0108"
P0078,M0163,智能保险柜,包装彩盒(小) v3,8,个,1,14.3,0.025,6,0.08,"M0035,M0099"
P0078,M0051,智能保险柜,继电器 12V,10,个,2,14.2,0.022,7,0.07,"M0115,M0179"
P0079,M0052,智能鱼缸,螺丝 M2*6 不锈钢,8,颗,2,14.3,0.018,1,0.71,
P0079,M0013,智能鱼缸,Zigbee模块,11,个,1,14.3,0.016,2,0.22,
P0079,M0021,智能鱼缸,电解电容 100μF,8,颗,2,14.3,0.005,3,0.12,
P0079,M0004,智能鱼缸,PCB主板,1,块,1,14.3,0.001,4,0.22,"M0019,M0133"
P0079,M0071,智能鱼缸,ARM Cortex-A53芯片 v2,1,片,2,14.3,0.001,5,0.2,"M0007,M0135,M0199"
P0079,M0065,智能鱼缸,ABS塑料外壳 v2,12,个,1,14.3,0.005,6,0.18,
P0079,M0163,智能鱼缸,包装彩盒(小) v3,8,个,1,14.2,0.025,7,0.08,"M0035,M0099"
P0080,M0170,智能花盆 自动浇水,传感器模块 气压 v3,11,个,2,20,0.03,1,0.63,M0176
P0080,M0129,智能花盆 自动浇水,ABS塑料外壳 v3,7,个,1,20,0.011,2,0.29,
P0080,M0071,智能花盆 自动浇水,ARM Cortex-A53芯片 v2,14,片,2,20,0.014,3,0.09,
P0080,M0093,智能花盆 自动浇水,晶振 24MHz v2,9,颗,2,20,0.016,4,0.03,
P0080,M0127,智能花盆 自动浇水,麦克风 MEMS v2,6,个,2,20,0.008,5,0.02,
P0081,M0186,智能血压计,导热硅脂 v3,8,g,2,20,0.021,1,0.59,
P0081,M0198,智能血压计,FPC柔性排线 v4,8,根,2,20,0.002,2,0.28,
P0081,M0038,智能血压计,电源线 1.5m,15,根,2,20,0.03,3,0.12,
P0081,M0130,智能血压计,PC透明罩 v3,8,个,1,20,0.009,4,0.03,
P0081,M0001,智能血压计,ABS塑料外壳,3,个,1,20,0.004,5,0.02,"M0005,M0129,M0224"
P0082,M0179,智能体温计,继电器 12V v3,3,个,2,12.5,0.016,1,0.55,M0198
P0082,M0097,智能体温计,包装彩盒(大) v2,8,个,1,12.5,0.022,2,0.22,
P0082,M0085,智能体温计,电解电容 100μF v2,4,颗,2,12.5,0.003,3,0.09,
P0082,M0175,智能体温计,锂电池 18650 v3,1,节,1,12.5,0.009,4,0.03,M0169
P0082,M0106,智能体温计,传感器模块 气压 v2,11,个,2,12.5,0.016,5,0.02,"M0069,M0109,M0044"
P0082,M0011,智能体温计,WiFi模块 802.11ac,8,个,1,12.5,0.025,6,0.01,
P0082,M0194,智能体温计,PC透明罩 v4,14,个,1,12.5,0.016,7,0.01,
P0082,M0082,智能体温计,LED灯珠 RGB v2,13,颗,2,12.5,0.02,8,0.01,M0016
P0083,M0018,智能血氧仪,LED灯珠 RGB,10,颗,2,25,0.022,1,0.66,
P0083,M0041,智能血氧仪,传感器模块 温湿度,13,个,2,25,0.018,2,0.25,"M0204,M0296,M0242"
P0083,M0045,智能血氧仪,显示屏 TFT 2.4寸,6,块,1,25,0.025,3,0.09,
P0083,M0052,智能血氧仪,螺丝 M2*6 不锈钢,9,颗,1,25,0.012,4,0.03,
P0084,M0039,智能按摩仪,电源线 3m,15,根,2,33.3,0.009,1,0.61,"M0273,M0276"
P0084,M0077,智能按摩仪,Zigbee模块 v2,11,个,1,33.3,0.024,2,0.27,
P0084,M0033,智能按摩仪,包装彩盒(大),12,个,1,33.4,0.017,3,0.1,
P0085,M0051,智能筋膜枪,继电器 12V,3,个,2,12.5,0.016,1,0.59,
P0085,M0033,智能筋膜枪,包装彩盒(大),7,个,1,12.5,0.022,2,0.3,
P0085,M0149,智能筋膜枪,电解电容 100μF v3,4,颗,2,12.5,0.003,3,0.11,
P0085,M0047,智能筋膜枪,锂电池 18650,1,节,1,12.5,0.009,4,0.02,
P0085,M0170,智能筋膜枪,传感器模块 气压 v3,8,个,2,12.5,0.016,5,0.02,
P0085,M0075,智能筋膜枪,WiFi模块 802.11ac v2,8,个,1,12.5,0.025,6,0.01,"M0017,M0029,M0288"
P0085,M0194,智能筋膜枪,PC透明罩 v4,12,个,1,12.5,0.016,7,0.01,
P0085,M0018,智能筋膜枪,LED灯珠 RGB,10,颗,2,12.5,0.02,8,0.01,
P0086,M0196,智能护眼仪,PCB主板 v4,1,块,1,16.7,0.018,1,0.68,
P0086,M0029,智能护眼仪,晶振 24MHz,6,颗,2,16.7,0.02,2,0.2,
P0086,M0073,智能护眼仪,MCU STM32F103 v2,12,片,2,16.7,0.007,3,0.11,
P0086,M0106,智能护眼仪,传感器模块 气压 v2,1,个,2,16.7,0.013,4,0.03,
P0086,M0108,智能护眼仪,显示屏 OLED 0.96寸 v2,8,块,1,16.7,0.023,5,0.02,M0026
P0086,M0158,智能护眼仪,整流二极管 v3,13,颗,2,16.5,0.004,6,0.01,
P0087,M0002,智能香薰机,PC透明罩,7,个,1,16.7,0.004,1,0.64,M0276
P0087,M0101,智能香薰机,EVA衬垫 v2,15,片,1,16.7,0.004,2,0.21,M0069
P0087,M0051,智能香薰机,继电器 12V,15,个,2,16.7,0.01,3,0.11,
P0087,M0155,智能香薰机,电感器 10μH v3,6,颗,2,16.7,0.018,4,0.03,
P0087,M0131,智能香薰机,铝合金散热片 v3,12,片,2,16.7,0.018,5,0.02,"M0109,M0012"
P0087,M0039,智能香薰机,电源线 3m,8,根,2,16.5,0.015,6,0.01,"M0075,M0094"
P0088,M0034,智能风扇 落地版,包装彩盒(中),14,个,1,14.3,0.007,1,0.68,"M0094,M0035"
P0088,M0057,智能风扇 落地版,磁铁 钕磁铁 10x2mm,8,片,2,14.3,0.021,2,0.25,
P0088,M0021,智能风扇 落地版,电解电容 100μF,6,颗,2,14.3,0.005,3,0.12,
P0088,M0004,智能风扇 落地版,PCB主板,1,块,1,14.3,0.001,4,0.22,"M0019,M0133"
P0088,M0071,智能风扇 落地版,ARM Cortex-A53芯片 v2,1,片,2,14.3,0.001,5,0.2,"M0007,M0135,M0199"
P0088,M0065,智能风扇 落地版,ABS塑料外壳 v2,10,个,1,14.3,0.005,6,0.18,
P0088,M0162,智能风扇 落地版,包装彩盒(中) v3,8,个,1,14.2,0.025,7,0.08,"M0034,M0098"
P0089,M0060,智能暖风机,NFC天线,4,个,1,14.3,0.029,1,0.6,
P0089,M0114,智能暖风机,继电器 5V v2,4,个,2,14.3,0.009,2,0.28,
P0089,M0021,智能暖风机,电解电容 100μF,8,颗,2,14.3,0.005,3,0.1,"M0054,M0297,M0100"
P0089,M0004,智能暖风机,PCB主板,1,块,1,14.3,0.001,4,0.22,"M0019,M0133"
P0089,M0071,智能暖风机,ARM Cortex-A53芯片 v2,1,片,2,14.3,0.001,5,0.2,"M0007,M0135,M0199"
P0089,M0065,智能暖风机,ABS塑料外壳 v2,12,个,1,14.3,0.005,6,0.18,
P0089,M0163,智能暖风机,包装彩盒(小) v3,8,个,1,14.2,0.025,7,0.08,"M0035,M0099"
P0090,M0045,智能除湿机,显示屏 TFT 2.4寸,9,块,1,14.3,0.008,1,0.6,"M0254,M0001,M0252"
P0090,M0157,智能除湿机,晶振 24MHz v3,11,颗,2,14.3,0.029,2,0.25,M0175
P0090,M0021,智能除湿机,电解电容 100μF,6,颗,2,14.3,0.005,3,0.12,
P0090,M0004,智能除湿机,PCB主板,1,块,1,14.3,0.001,4,0.22,"M0019,M0133"
P0090,M0071,智能除湿机,ARM Cortex-A53芯片 v2,1,片,2,14.3,0.001,5,0.2,"M0007,M0135,M0199"
P0090,M0065,智能除湿机,ABS塑料外壳 v2,10,个,1,14.3,0.005,6,0.18,"M0272,M0027"
P0090,M0163,智能除湿机,包装彩盒(小) v3,7,个,1,14.2,0.025,7,0.08,"M0035,M0099"
P0091,M0168,智能新风机,USB数据线 Type-C v3,16,根,1,20,0.015,1,0.64,
P0091,M0181,智能新风机,螺丝 M3*8 不锈钢 v3,11,颗,1,20,0.022,2,0.22,M0178
P0091,M0015,智能新风机,电源模块 5V2A,10,个,1,20,0.018,3,0.09,M0253
P0091,M0064,智能新风机,蜂鸣器 有源,9,个,2,20,0.024,4,0.03,M0252
P0091,M0099,智能新风机,包装彩盒(小) v2,13,个,1,20,0.012,5,0.02,"M0048,M0208,M0084"
P0092,M0185,智能晾衣机,磁铁 钕磁铁 10x2mm v3,13,片,2,25,0.018,1,0.66,
P0092,M0058,智能晾衣机,导热硅脂,13,g,2,25,0.022,2,0.22,M0051
P0092,M0060,智能晾衣机,NFC天线,8,个,1,25,0.025,3,0.1,
P0092,M0017,智能晾衣机,电源模块 24V2A,16,个,1,25,0.018,4,0.04,"M0141,M0043,M0101"
P0093,M0134,智能门磁,FPC柔性排线 v3,17,根,1,25,0.02,1,0.57,M0045
P0093,M0184,智能门磁,弹簧 压缩 v3,10,个,1,25,0.015,2,0.3,M0167
P0093,M0076,智能门磁,蓝牙模块 BLE5.2 v2,11,个,1,25,0.022,3,0.11,
P0093,M0173,智能门磁,显示屏 TFT 2.4寸 v3,6,块,1,25,0.018,4,0.03,M0161
P0094,M0088,智能水浸传感器,贴片电阻 10kΩ v2,18,颗,1,20,0.018,1,0.54,"M0273,M0247,M0220"
P0094,M0160,智能水浸传感器,MOSFET NMOS v3,14,颗,1,20,0.012,2,0.21,
P0094,M0176,智能水浸传感器,锂电池 聚合物3000mAh v3,16,块,1,20,0.008,3,0.11,M0174
P0094,M0107,智能水浸传感器,传感器模块 陀螺仪 v2,7,个,2,20,0.025,4,0.03,
P0094,M0017,智能水浸传感器,电源模块 24V2A,13,个,1,20,0.022,5,0.02,M0086
P0095,M0024,智能燃气报警器,贴片电阻 10kΩ,15,颗,1,20,0.018,1,0.59,M0258
P0095,M0160,智能燃气报警器,MOSFET NMOS v3,19,颗,1,20,0.012,2,0.23,M0184
P0095,M0176,智能燃气报警器,锂电池 聚合物3000mAh v3,22,块,1,20,0.008,3,0.09,
P0095,M0171,智能燃气报警器,传感器模块 陀螺仪 v3,7,个,2,20,0.025,4,0.03,
P0095,M0081,智能燃气报警器,电源模块 24V2A v2,12,个,1,20,0.022,5,0.02,
P0096,M0111,智能窗帘遥控器,锂电池 18650 v2,11,颗,2,20,0.02,1,0.65,M0159
P0096,M0032,智能窗帘遥控器,MOSFET NMOS,16,颗,2,20,0.015,2,0.27,
P0096,M0022,智能窗帘遥控器,电解电容 220μF,21,颗,2,20,0.012,3,0.11,
P0096,M0155,智能窗帘遥控器,电感器 10μH v3,11,颗,2,20,0.022,4,0.03,
P0096,M0090,智能窗帘遥控器,贴片电阻 100Ω v2,14,颗,2,20,0.02,5,0.02,
P0097,M0126,智能场景开关,扬声器 3W v2,16,个,1,25,0.015,1,0.68,"M0019,M0050,M0053"
P0097,M0063,智能场景开关,麦克风 MEMS,13,个,2,25,0.018,2,0.25,
P0097,M0128,智能场景开关,蜂鸣器 有源 v2,22,个,1,25,0.012,3,0.1,
P0097,M0189,智能场景开关,GPS模块 v3,9,个,1,25,0.022,4,0.03,
P0098,M0134,智能中控屏,FPC柔性排线 v3,19,根,1,25,0.02,1,0.49,"M0006,M0070,M0198"
P0098,M0184,智能中控屏,弹簧 压缩 v3,13,个,1,25,0.015,2,0.27,"M0056,M0120"
P0098,M0076,智能中控屏,蓝牙模块 BLE5.2 v2,11,个,1,25,0.022,3,0.09,
P0098,M0143,智能中控屏,电源模块 5V2A v3,7,块,1,25,0.018,4,0.03,"M0045,M0173"
P0099,M0121,智能网关 Hub,磁铁 钕磁铁 10x2mm v2,17,片,2,25,0.018,1,0.59,
P0099,M0122,智能网关 Hub,导热硅脂 v2,13,g,2,25,0.022,2,0.29,M0123
P0099,M0124,智能网关 Hub,NFC天线 v2,8,个,1,25,0.025,3,0.12,M0100
P0099,M0017,智能网关 Hub,电源模块 24V2A,15,个,1,25,0.018,4,0.03,"M0085,M0240,M0023"
P0100,M0040,智能遥控器 万能版,USB数据线 Type-C,13,根,1,20,0.015,1,0.67,
P0100,M0117,智能遥控器 万能版,螺丝 M3*8 不锈钢 v2,15,颗,1,20,0.022,2,0.2,M0024
P0100,M0079,智能遥控器 万能版,电源模块 5V2A v2,9,个,1,20,0.018,3,0.08,
P0100,M0064,智能遥控器 万能版,蜂鸣器 有源,9,个,2,20,0.024,4,0.03,
P0100,M0163,智能遥控器 万能版,包装彩盒(小) v3,16,个,1,20,0.012,5,0.02,
P0088v3,M0034,智能风扇 落地版 v3,包装彩盒(中),14,个,1,14.3,0.007,1,0.63,"M0094,M0035"
P0088v3,M0057,智能风扇 落地版 v3,磁铁 钕磁铁 10x2mm,8,片,2,14.3,0.021,2,0.236,
P0088v3,M0021,智能风扇 落地版 v3,电解电容 100μF,6,颗,2,14.3,0.005,3,0.129,
P0088v3,M0004,智能风扇 落地版 v3,PCB主板,1,块,1,11.5,0.001,4,0.235,"M0019,M0133"
P0088v3,M0071,智能风扇 落地版 v3,ARM Cortex-A53芯片 v2,1,片,2,14.3,0.001,5,0.181,"M0007,M0135,M0199"
P0088v3,M0065,智能风扇 落地版 v3,ABS塑料外壳 v2,10,个,1,14.3,0.005,6,0.193,
P0088v3,M0162,智能风扇 落地版 v3,包装彩盒(中) v3,10,个,1,19.4,0.025,7,0.093,"M0034,M0098"
P0088v2,M0094,智能风扇 落地版 v2,整流二极管 v2,14,个,1,14.3,0.007,1,0.783,"M0094,M0035"
P0088v2,M0057,智能风扇 落地版 v2,磁铁 钕磁铁 10x2mm,7,片,2,13,0.021,2,0.236,
P0088v2,M0021,智能风扇 落地版 v2,电解电容 100μF,6,颗,2,14.3,0.005,3,0.123,
P0088v2,M0133,智能风扇 落地版 v2,PCB副板 v3,1,块,1,14.3,0.001,4,0.239,"M0019,M0133"
P0088v2,M0199,智能风扇 落地版 v2,ARM Cortex-A53芯片 v4,1,片,2,14.3,0.001,5,0.208,"M0007,M0135,M0199"
P0088v2,M0065,智能风扇 落地版 v2,ABS塑料外壳 v2,10,个,1,14.3,0.005,6,0.197,
P0088v2,M0162,智能风扇 落地版 v2,包装彩盒(中) v3,8,个,1,14.2,0.025,7,0.09,"M0034,M0098"
P0048v3,M0044,智能洗衣机 v3,显示屏 OLED 0.96寸,17,块,1,20.4,0.018,1,0.596,"M0108,M0172"
P0048v3,M0043,智能洗衣机 v3,传感器模块 陀螺仪,18,个,2,17.7,0.015,2,0.242,
P0048v3,M0042,智能洗衣机 v3,传感器模块 气压,12,个,2,16.67,0.02,3,0.11,"M0106,M0170"
P0048v3,M0041,智能洗衣机 v3,传感器模块 温湿度,22,个,2,19.3,0.012,4,0.032,"M0105,M0169"
P0048v3,M0168,智能洗衣机 v3,USB数据线 Type-C v3,18,根,2,16.67,0.015,5,0.023,"M0104,M0168"
P0048v3,M0188,智能洗衣机 v3,NFC天线 v3,15,个,1,8.33,0.01,6,0.048,
P0048v3,M0061,智能洗衣机 v3,GPS模块,9,个,1,8.33,0.028,7,0.094,"M0061,M0125"
P0059v3,M0149,智能门铃 视频版 v3,电解电容 100μF v3,6,颗,2,14.1,0.005,1,0.7,"M0024,M0035,M0223"
P0059v3,M0129,智能门铃 视频版 v3,ABS塑料外壳 v3,16,个,1,14.4,0.005,2,0.294,M0107
P0059v3,M0179,智能门铃 视频版 v3,继电器 12V v3,9,个,2,14.3,0.022,3,0.107,M0156
P0059v3,M0035,智能门铃 视频版 v3,包装彩盒(小),9,个,1,14.3,0.025,4,0.031,M0032
P0059v3,M0142,智能门铃 视频版 v3,LoRa模块 v3,11,个,1,14.3,0.025,5,0.024,
P0059v3,M0135,智能门铃 视频版 v3,ARM Cortex-A53芯片 v3,1,片,2,10.2,0.001,6,0.01,M0078
P0059v3,M0031,智能门铃 视频版 v3,TVS保护二极管,6,颗,2,14.2,0.004,7,0.009,
P0059v2,M0149,智能门铃 视频版 v2,电解电容 100μF v3,8,颗,2,17.7,0.005,1,0.708,"M0024,M0035,M0223"
P0059v2,M0129,智能门铃 视频版 v2,ABS塑料外壳 v3,16,个,1,14.3,0.005,2,0.321,M0107
P0059v2,M0156,智能门铃 视频版 v2,晶振 32.768kHz v3,9,个,2,14.3,0.022,3,0.115,M0156
P0059v2,M0035,智能门铃 视频版 v2,包装彩盒(小),9,个,1,14.3,0.025,4,0.031,M0032
P0059v2,M0142,智能门铃 视频版 v2,LoRa模块 v3,9,个,1,12.4,0.025,5,0.023,
P0059v2,M0135,智能门铃 视频版 v2,ARM Cortex-A53芯片 v3,1,片,2,14.3,0.001,6,0.012,M0078
P0059v2,M0031,智能门铃 视频版 v2,TVS保护二极管,6,颗,2,14.2,0.004,7,0.011,
P0091v2,M0168,智能新风机 v2,USB数据线 Type-C v3,16,根,1,20.7,0.015,1,0.619,
P0091v2,M0178,智能新风机 v2,继电器 5V v3,11,颗,1,20,0.022,2,0.238,M0178
P0091v2,M0015,智能新风机 v2,电源模块 5V2A,10,个,1,20,0.018,3,0.083,M0253
P0091v2,M0252,智能新风机 v2,MCU单片机 ESP32-WROOM,9,个,2,20,0.024,4,0.035,M0252
P0091v2,M0099,智能新风机 v2,包装彩盒(小) v2,13,个,1,20,0.012,5,0.021,"M0048,M0208,M0084"
P0003v2,M0184,智能音箱 Mini v2,弹簧 压缩 v3,15,个,2,18.2,0.015,1,0.6,"M0056,M0120"
P0003v2,M0082,智能音箱 Mini v2,LED灯珠 RGB v2,2,颗,2,14.3,0.007,2,0.229,
P0003v2,M0021,智能音箱 Mini v2,电解电容 100μF,4,颗,2,14.3,0.005,3,0.122,
P0003v2,M0133,智能音箱 Mini v2,PCB副板 v3,1,块,1,14.3,0.001,4,0.259,"M0019,M0133"
P0003v2,M0199,智能音箱 Mini v2,ARM Cortex-A53芯片 v4,1,片,2,14.3,0.002,5,0.219,"M0007,M0135,M0199"
P0003v2,M0065,智能音箱 Mini v2,ABS塑料外壳 v2,10,个,1,14.3,0.005,6,0.184,
P0003v2,M0163,智能音箱 Mini v2,包装彩盒(小) v3,10,个,1,18.5,0.025,7,0.085,"M0035,M0099"
P0080v3,M0176,智能花盆 自动浇水 v3,锂电池 聚合物3000mAh v3,11,个,2,20,0.03,1,0.609,M0176
P0080v3,M0129,智能花盆 自动浇水 v3,ABS塑料外壳 v3,7,个,1,20,0.011,2,0.285,
P0080v3,M0071,智能花盆 自动浇水 v3,ARM Cortex-A53芯片 v2,14,片,2,20,0.014,3,0.093,
P0080v3,M0093,智能花盆 自动浇水 v3,晶振 24MHz v2,9,颗,2,20,0.016,4,0.031,
P0080v3,M0127,智能花盆 自动浇水 v3,麦克风 MEMS v2,6,个,2,20,0.008,5,0.022,
P0080v2,M0170,智能花盆 自动浇水 v2,传感器模块 气压 v3,11,个,2,20,0.03,1,0.734,M0176
P0080v2,M0129,智能花盆 自动浇水 v2,ABS塑料外壳 v3,7,个,1,20,0.011,2,0.327,
P0080v2,M0071,智能花盆 自动浇水 v2,ARM Cortex-A53芯片 v2,14,片,2,20,0.014,3,0.099,
P0080v2,M0093,智能花盆 自动浇水 v2,晶振 24MHz v2,8,颗,2,18.8,0.016,4,0.032,
P0080v2,M0127,智能花盆 自动浇水 v2,麦克风 MEMS v2,6,个,2,20,0.008,5,0.022,
P0007v3,M0194,智能插座 基础版 v3,PC透明罩 v4,8,个,1,16.7,0.004,1,0.717,
P0007v3,M0165,智能插座 基础版 v3,EVA衬垫 v3,13,片,1,16.7,0.004,2,0.227,"M0101,M0165"
P0007v3,M0051,智能插座 基础版 v3,继电器 12V,14,个,2,16.7,0.01,3,0.092,"M0115,M0179"
P0007v3,M0155,智能插座 基础版 v3,电感器 10μH v3,5,颗,2,14,0.018,4,0.031,"M0027,M0091"
P0007v3,M0131,智能插座 基础版 v3,铝合金散热片 v3,13,片,2,16.7,0.018,5,0.024,
P0007v3,M0103,智能插座 基础版 v3,电源线 3m v2,8,根,2,16.5,0.015,6,0.01,"M0039,M0167"
P0007v2,M0194,智能插座 基础版 v2,PC透明罩 v4,6,个,1,14.1,0.004,1,0.705,
P0007v2,M0037,智能插座 基础版 v2,EVA衬垫,13,片,1,16.7,0.004,2,0.233,"M0101,M0165"
P0007v2,M0179,智能插座 基础版 v2,继电器 12V v3,14,个,2,16.7,0.01,3,0.09,"M0115,M0179"
P0007v2,M0155,智能插座 基础版 v2,电感器 10μH v3,7,颗,2,19.6,0.018,4,0.028,"M0027,M0091"
P0007v2,M0131,智能插座 基础版 v2,铝合金散热片 v3,9,片,2,11.7,0.018,5,0.019,
P0007v2,M0103,智能插座 基础版 v2,电源线 3m v2,8,根,2,16.5,0.015,6,0.01,"M0039,M0167"
P0067v2,M0152,智能键盘 机械版 v2,贴片电阻 10kΩ v3,1,颗,2,25,0.008,1,0.617,"M0194,M0173,M0153"
P0067v2,M0037,智能键盘 机械版 v2,EVA衬垫,11,片,1,25,0.025,2,0.223,
P0067v2,M0130,智能键盘 机械版 v2,PC透明罩 v3,7,个,1,21.3,0.009,3,0.092,"M0134,M0092"
P0067v2,M0106,智能键盘 机械版 v2,传感器模块 气压 v2,4,个,2,25,0.015,4,0.04,M0288
P0067v3,M0153,智能键盘 机械版 v3,贴片电阻 1kΩ v3,1,颗,2,25,0.008,1,0.689,"M0194,M0173,M0153"
P0067v3,M0037,智能键盘 机械版 v3,EVA衬垫,11,片,1,25,0.025,2,0.201,
P0067v3,M0130,智能键盘 机械版 v3,PC透明罩 v3,9,个,1,25,0.009,3,0.099,"M0134,M0092"
P0067v3,M0288,智能键盘 机械版 v3,焊锡膏 Sn63/Pb37 有铅,4,个,2,25,0.015,4,0.041,M0288
P0075v2,M0139,智能扫地机器人 v2,WiFi模块 802.11ac v3,14,个,1,20,0.016,1,0.625,"M0095,M0212,M0034"
P0075v2,M0138,智能扫地机器人 v2,DSP处理器 v3,8,片,2,20,0.028,2,0.241,
P0075v2,M0131,智能扫地机器人 v2,铝合金散热片 v3,14,片,2,20,0.014,3,0.115,
P0075v2,M0013,智能扫地机器人 v2,Zigbee模块,3,个,1,20,0.003,4,0.035,
P0075v2,M0054,智能扫地机器人 v2,螺母 M3,7,颗,2,20,0.022,5,0.022,M0033
P0075v3,M0139,智能扫地机器人 v3,WiFi模块 802.11ac v3,14,个,1,20,0.016,1,0.715,"M0095,M0212,M0034"
P0075v3,M0138,智能扫地机器人 v3,DSP处理器 v3,10,片,2,26.8,0.028,2,0.194,
P0075v3,M0131,智能扫地机器人 v3,铝合金散热片 v3,16,片,2,22.9,0.014,3,0.128,
P0075v3,M0013,智能扫地机器人 v3,Zigbee模块,2,个,1,15.4,0.003,4,0.029,
P0075v3,M0054,智能扫地机器人 v3,螺母 M3,7,颗,2,20,0.022,5,0.019,M0033
P0077v3,M0181,智能晾衣架 v3,螺丝 M3*8 不锈钢 v3,17,颗,2,17.6,0.013,1,0.719,"M0163,M0176,M0188"
P0077v3,M0056,智能晾衣架 v3,弹簧 压缩,1,个,2,18.8,0.004,2,0.287,M0286
P0077v3,M0021,智能晾衣架 v3,电解电容 100μF,10,颗,2,14.3,0.005,3,0.139,
P0077v3,M0004,智能晾衣架 v3,PCB主板,1,块,1,15.5,0.001,4,0.264,"M0019,M0133"
P0077v3,M0071,智能晾衣架 v3,ARM Cortex-A53芯片 v2,1,片,2,14.3,0.001,5,0.182,"M0007,M0135,M0199"
P0077v3,M0065,智能晾衣架 v3,ABS塑料外壳 v2,15,个,1,15.7,0.005,6,0.186,
P0077v3,M0099,智能晾衣架 v3,包装彩盒(小) v2,8,个,1,14.2,0.025,7,0.091,"M0035,M0099"
P0077v2,M0181,智能晾衣架 v2,螺丝 M3*8 不锈钢 v3,14,颗,2,14.3,0.013,1,0.633,"M0163,M0176,M0188"
P0077v2,M0286,智能晾衣架 v2,托盘 纸托盘 14寸专用,1,个,2,14.3,0.004,2,0.282,M0286
P0077v2,M0021,智能晾衣架 v2,电解电容 100μF,10,颗,2,14.3,0.005,3,0.122,
P0077v2,M0004,智能晾衣架 v2,PCB主板,1,块,1,14.3,0.001,4,0.214,"M0019,M0133"
P0077v2,M0071,智能晾衣架 v2,ARM Cortex-A53芯片 v2,1,片,2,14.3,0.001,5,0.211,"M0007,M0135,M0199"
P0077v2,M0065,智能晾衣架 v2,ABS塑料外壳 v2,18,个,1,18.6,0.005,6,0.163,
P0077v2,M0099,智能晾衣架 v2,包装彩盒(小) v2,8,个,1,14.2,0.025,7,0.085,"M0035,M0099"
P0093v2,M0134,智能门磁 v2,FPC柔性排线 v3,14,根,1,21.4,0.02,1,0.573,M0045
P0093v2,M0184,智能门磁 v2,弹簧 压缩 v3,7,个,1,19,0.015,2,0.305,M0167
P0093v2,M0076,智能门磁 v2,蓝牙模块 BLE5.2 v2,11,个,1,25,0.022,3,0.099,
P0093v2,M0173,智能门磁 v2,显示屏 TFT 2.4寸 v3,6,块,1,25,0.018,4,0.032,M0161
P0009v2,M0162,智能插排 4位 v2,包装彩盒(中) v3,12,个,1,14.3,0.007,1,0.642,
P0009v2,M0057,智能插排 4位 v2,磁铁 钕磁铁 10x2mm,9,片,2,14.3,0.021,2,0.23,"M0057,M0121"
P0009v2,M0021,智能插排 4位 v2,电解电容 100μF,2,颗,2,13.3,0.005,3,0.082,
P0009v2,M0004,智能插排 4位 v2,PCB主板,1,块,1,14.3,0.001,4,0.282,"M0019,M0133"
P0009v2,M0172,智能插排 4位 v2,显示屏 OLED 0.96寸 v3,1,个,1,14.3,0.003,6,0.146,"M0002,M0172"
P0009v2,M0042,智能插排 4位 v2,传感器模块 气压,1,个,2,14.3,0.01,5,0.25,"M0169,M0171"
P0009v2,M0095,智能插排 4位 v2,TVS保护二极管 v2,4,颗,2,14.2,0.004,7,0.047,"M0095,M0159"
P0009v3,M0162,智能插排 4位 v3,包装彩盒(中) v3,12,个,1,14.3,0.007,1,0.693,
P0009v3,M0057,智能插排 4位 v3,磁铁 钕磁铁 10x2mm,9,片,2,14.3,0.021,2,0.275,"M0057,M0121"
P0009v3,M0021,智能插排 4位 v3,电解电容 100μF,3,颗,2,14.3,0.005,3,0.095,
P0009v3,M0004,智能插排 4位 v3,PCB主板,1,块,1,14.3,0.001,4,0.263,"M0019,M0133"
P0009v3,M0002,智能插排 4位 v3,PC透明罩,1,个,1,14.3,0.003,6,0.164,"M0002,M0172"
P0009v3,M0042,智能插排 4位 v3,传感器模块 气压,1,个,2,14.3,0.01,5,0.256,"M0169,M0171"
P0009v3,M0031,智能插排 4位 v3,TVS保护二极管,4,颗,2,14.2,0.004,7,0.058,"M0095,M0159"
P0038v2,M0197,智能手表 v2,PCB副板 v4,16,块,1,13.33,0.012,1,0.602,M0180
P0038v2,M0198,智能手表 v2,FPC柔性排线 v4,15,根,1,13.33,0.015,2,0.297,"M0006,M0070,M0134"
P0038v2,M0135,智能手表 v2,ARM Cortex-A53芯片 v3,12,片,1,13.33,0.018,3,0.11,"M0007,M0071,M0135"
P0038v2,M0200,智能手表 v2,ARM Cortex-A35芯片 v4,11,片,1,13.33,0.022,4,0.03,
P0038v2,M0062,智能手表 v2,扬声器 3W,13,个,1,11.5,0.016,5,0.021,M0026
P0038v2,M0151,智能手表 v2,钽电容 10μF v3,13,颗,1,6.67,0.009,6,0.031,
P0038v2,M0161,智能手表 v2,包装彩盒(大) v3,16,个,1,7.2,0.017,7,0.036,"M0033,M0097"
P0038v2,M0169,智能手表 v2,传感器模块 温湿度 v3,7,个,1,4.8,0.021,8,0.043,"M0041,M0105"
P0038v2,M0174,智能手表 v2,触摸面板 电容式 v3,14,块,1,6.67,0.022,9,0.051,"M0046,M0110"
P0038v2,M0061,智能手表 v2,GPS模块,13,个,1,6.67,0.028,10,0.078,"M0061,M0125"
P0037v3,M0190,智能手环 v3,扬声器 3W v3,19,个,1,19.23,0.012,1,0.638,"M0062,M0126"
P0037v3,M0191,智能手环 v3,麦克风 MEMS v3,15,个,2,19.23,0.015,2,0.263,"M0063,M0127"
P0037v3,M0259,智能手环 v3,加速度传感器 MPU6050,16,个,2,24.7,0.018,3,0.094,"M0175,M0173"
P0037v3,M0193,智能手环 v3,ABS塑料外壳 v4,9,个,1,20.1,0.022,4,0.034,"M0001,M0065,M0129"
P0037v3,M0151,智能手环 v3,钽电容 10μF v3,6,颗,1,7.69,0.011,5,0.077,"M0023,M0087"
P0037v3,M0173,智能手环 v3,显示屏 TFT 2.4寸 v3,13,个,1,7.69,0.017,6,0.044,"M0158,M0173,M0170"
P0037v3,M0174,智能手环 v3,触摸面板 电容式 v3,8,块,1,7.4,0.016,7,0.067,M0166
P0037v2,M0126,智能手环 v2,扬声器 3W v2,19,个,1,19.23,0.012,1,0.676,"M0062,M0126"
P0037v2,M0191,智能手环 v2,麦克风 MEMS v3,15,个,2,19.23,0.015,2,0.254,"M0063,M0127"
P0037v2,M0259,智能手环 v2,加速度传感器 MPU6050,13,个,2,19.23,0.018,3,0.111,"M0175,M0173"
P0037v2,M0001,智能手环 v2,ABS塑料外壳,9,个,1,19.23,0.022,4,0.033,"M0001,M0065,M0129"
P0037v2,M0151,智能手环 v2,钽电容 10μF v3,5,颗,1,6.9,0.011,5,0.074,"M0023,M0087"
P0037v2,M0161,智能手环 v2,包装彩盒(大) v3,13,个,1,7.69,0.017,6,0.046,"M0158,M0173,M0170"
P0037v2,M0174,智能手环 v2,触摸面板 电容式 v3,9,块,1,7.69,0.016,7,0.059,M0166
P0076v3,M0040,智能拖地机器人 v3,USB数据线 Type-C,8,根,2,11.4,0.028,1,0.804,"M0052,M0104,M0214"
P0076v3,M0048,智能拖地机器人 v3,锂电池 聚合物3000mAh,6,块,1,14.3,0.007,2,0.268,
P0076v3,M0021,智能拖地机器人 v3,电解电容 100μF,11,颗,2,16.4,0.005,3,0.113,
P0076v3,M0004,智能拖地机器人 v3,PCB主板,1,块,1,14.3,0.001,4,0.25,"M0019,M0133"
P0076v3,M0071,智能拖地机器人 v3,ARM Cortex-A53芯片 v2,1,片,2,18.7,0.001,5,0.192,"M0007,M0135,M0199"
P0076v3,M0065,智能拖地机器人 v3,ABS塑料外壳 v2,14,个,1,14.3,0.005,6,0.18,
P0076v3,M0162,智能拖地机器人 v3,包装彩盒(中) v3,8,个,1,12.5,0.025,7,0.088,"M0034,M0098"
P0076v2,M0040,智能拖地机器人 v2,USB数据线 Type-C,11,根,2,14.3,0.028,1,0.669,"M0052,M0104,M0214"
P0076v2,M0048,智能拖地机器人 v2,锂电池 聚合物3000mAh,6,块,1,14.3,0.007,2,0.313,
P0076v2,M0021,智能拖地机器人 v2,电解电容 100μF,10,颗,2,14.3,0.005,3,0.114,
P0076v2,M0004,智能拖地机器人 v2,PCB主板,1,块,1,14.3,0.001,4,0.224,"M0019,M0133"
P0076v2,M0071,智能拖地机器人 v2,ARM Cortex-A53芯片 v2,1,片,2,14.1,0.001,5,0.215,"M0007,M0135,M0199"
P0076v2,M0065,智能拖地机器人 v2,ABS塑料外壳 v2,13,个,1,13.4,0.005,6,0.195,
P0076v2,M0162,智能拖地机器人 v2,包装彩盒(中) v3,10,个,1,14.2,0.025,7,0.074,"M0034,M0098"
P0024v3,M0196,旋钮开关 调光 v3,PCB主板 v4,1,块,1,16.7,0.018,1,0.606,
P0024v3,M0029,旋钮开关 调光 v3,晶振 24MHz,7,颗,2,16.7,0.02,2,0.264,"M0093,M0157"
P0024v3,M0009,旋钮开关 调光 v3,MCU STM32F103,13,片,2,16.7,0.007,3,0.118,"M0073,M0137"
P0024v3,M0170,旋钮开关 调光 v3,传感器模块 气压 v3,1,个,2,16.7,0.013,4,0.027,"M0171,M0190"
P0024v3,M0108,旋钮开关 调光 v3,显示屏 OLED 0.96寸 v2,8,块,1,16.7,0.023,5,0.023,"M0044,M0172"
P0024v3,M0158,旋钮开关 调光 v3,整流二极管 v3,12,颗,2,16.5,0.004,6,0.011,"M0030,M0094"
P0094v2,M0088,智能水浸传感器 v2,贴片电阻 10kΩ v2,16,颗,1,18.3,0.018,1,0.587,"M0273,M0247,M0220"
P0094v2,M0160,智能水浸传感器 v2,MOSFET NMOS v3,14,颗,1,20,0.012,2,0.247,
P0094v2,M0174,智能水浸传感器 v2,触摸面板 电容式 v3,16,块,1,20,0.008,3,0.119,M0174
P0094v2,M0107,智能水浸传感器 v2,传感器模块 陀螺仪 v2,5,个,2,14.7,0.025,4,0.032,
P0094v2,M0017,智能水浸传感器 v2,电源模块 24V2A,13,个,1,20,0.022,5,0.021,M0086
P0033v2,M0134,智能除湿机 v2,FPC柔性排线 v3,18,根,1,25,0.02,1,0.578,"M0006,M0070,M0198"
P0033v2,M0120,智能除湿机 v2,弹簧 压缩 v2,11,个,1,25,0.015,2,0.232,"M0056,M0184"
P0033v2,M0081,智能除湿机 v2,电源模块 24V2A v2,10,个,1,25,0.022,3,0.104,"M0067,M0133,M0254"
P0033v2,M0045,智能除湿机 v2,显示屏 TFT 2.4寸,6,块,1,25,0.018,4,0.034,"M0109,M0173"
P0033v3,M0134,智能除湿机 v3,FPC柔性排线 v3,13,根,1,19.4,0.02,1,0.671,"M0006,M0070,M0198"
P0033v3,M0120,智能除湿机 v3,弹簧 压缩 v2,11,个,1,25,0.015,2,0.271,"M0056,M0184"
P0033v3,M0081,智能除湿机 v3,电源模块 24V2A v2,12,个,1,31.8,0.022,3,0.104,"M0067,M0133,M0254"
P0033v3,M0109,智能除湿机 v3,显示屏 TFT 2.4寸 v2,6,块,1,25,0.018,4,0.034,"M0109,M0173"
P0022v3,M0186,无线开关 v3,导热硅脂 v3,7,g,2,20,0.021,1,0.713,
P0022v3,M0006,无线开关 v3,FPC柔性排线,8,根,2,20,0.002,2,0.296,"M0070,M0134,M0198"
P0022v3,M0102,无线开关 v3,电源线 1.5m v2,15,根,2,23.8,0.03,3,0.109,"M0038,M0166"
P0022v3,M0091,无线开关 v3,电感器 10μH v2,7,个,1,20,0.009,4,0.036,"M0076,M0091,M0082"
P0022v3,M0065,无线开关 v3,ABS塑料外壳 v2,3,个,1,20,0.004,5,0.023,"M0065,M0129,M0193"
P0022v2,M0186,无线开关 v2,导热硅脂 v3,7,g,2,20.4,0.021,1,0.651,
P0022v2,M0198,无线开关 v2,FPC柔性排线 v4,8,根,2,20,0.002,2,0.269,"M0070,M0134,M0198"
P0022v2,M0102,无线开关 v2,电源线 1.5m v2,13,根,2,20,0.03,3,0.107,"M0038,M0166"
P0022v2,M0002,无线开关 v2,PC透明罩,8,个,1,24.6,0.009,4,0.027,"M0076,M0091,M0082"
P0022v2,M0001,无线开关 v2,ABS塑料外壳,3,个,1,20,0.004,5,0.019,"M0065,M0129,M0193"
P0052v3,M0095,智能摄像头 360 v3,TVS保护二极管 v2,10,颗,2,45.1,0.024,1,0.608,M0019
P0052v3,M0036,智能摄像头 360 v3,珍珠棉内托,11,个,1,33.3,0.009,2,0.277,M0015
P0052v3,M0136,智能摄像头 360 v3,ARM Cortex-A35芯片 v3,2,片,2,33.4,0.002,3,0.104,
P0052v2,M0095,智能摄像头 360 v2,TVS保护二极管 v2,8,颗,2,33.3,0.024,1,0.648,M0019
P0052v2,M0036,智能摄像头 360 v2,珍珠棉内托,11,个,1,33.3,0.009,2,0.287,M0015
P0052v2,M0136,智能摄像头 360 v2,ARM Cortex-A35芯片 v3,2,片,2,33.4,0.002,3,0.089,
