数据类型,日期,工厂代码,是否工作日,班次类型,备注,调拨编号,物料ID,源工厂,目标工厂,调拨数量,调拨日期,预计到达日期,调拨原因,关联订单,状态
工厂日历,2026/1/1,F001,否,休息,元旦,,,,,,,,,,有效
工厂日历,2026/1/1,F002,否,休息,元旦,,,,,,,,,,有效
工厂日历,2026/1/1,F003,否,休息,元旦,,,,,,,,,,有效
工厂日历,2026/1/2,F001,否,休息,元旦,,,,,,,,,,有效
工厂日历,2026/1/2,F002,否,休息,元旦,,,,,,,,,,有效
工厂日历,2026/1/2,F003,否,休息,元旦,,,,,,,,,,有效
工厂日历,2026/1/3,F001,否,休息,元旦,,,,,,,,,,有效
工厂日历,2026/1/3,F002,否,休息,元旦,,,,,,,,,,有效
工厂日历,2026/1/3,F003,否,休息,元旦,,,,,,,,,,有效
工厂日历,2026/1/4,F001,是,加班,周末加班,,,,,,,,,,有效
工厂日历,2026/1/4,F002,否,休息,周末,,,,,,,,,,有效
工厂日历,2026/1/4,F003,否,休息,周末,,,,,,,,,,有效
工厂日历,2026/1/5,F001,是,正常,,,,,,,,,,,有效
工厂日历,2026/1/5,F002,是,正常,,,,,,,,,,,有效
工厂日历,2026/1/5,F003,是,正常,,,,,,,,,,,有效
工厂日历,2026/1/6,F001,是,正常,,,,,,,,,,,有效
工厂日历,2026/1/6,F002,是,正常,,,,,,,,,,,有效
工厂日历,2026/1/6,F003,是,正常,,,,,,,,,,,有效
工厂日历,2026/1/7,F001,是,正常,,,,,,,,,,,有效
工厂日历,2026/1/7,F002,是,正常,,,,,,,,,,,有效
工厂日历,2026/1/7,F003,是,正常,,,,,,,,,,,有效
工厂日历,2026/1/8,F001,是,正常,,,,,,,,,,,有效
工厂日历,2026/1/8,F002,是,正常,,,,,,,,,,,有效
工厂日历,2026/1/8,F003,是,正常,,,,,,,,,,,有效
工厂日历,2026/1/9,F001,是,正常,,,,,,,,,,,有效
工厂日历,2026/1/9,F002,是,正常,,,,,,,,,,,有效
工厂日历,2026/1/9,F003,是,正常,,,,,,,,,,,有效
工厂日历,2026/1/10,F001,是,加班,周末加班,,,,,,,,,,有效
工厂日历,2026/1/10,F002,否,休息,周末,,,,,,,,,,有效
工厂日历,2026/1/10,F003,否,休息,周末,,,,,,,,,,有效
工厂日历,2026/1/11,F001,是,加班,周末加班,,,,,,,,,,有效
工厂日历,2026/1/11,F002,否,休息,周末,,,,,,,,,,有效
工厂日历,2026/1/11,F003,否,休息,周末,,,,,,,,,,有效
工厂日历,2026/1/12,F001,是,正常,,,,,,,,,,,有效
工厂日历,2026/1/12,F002,是,正常,,,,,,,,,,,有效
工厂日历,2026/1/12,F003,是,正常,,,,,,,,,,,有效
工厂日历,2026/1/13,F001,是,正常,,,,,,,,,,,有效
工厂日历,2026/1/13,F002,是,正常,,,,,,,,,,,有效
工厂日历,2026/1/13,F003,是,正常,,,,,,,,,,,有效
工厂日历,2026/1/14,F001,是,正常,,,,,,,,,,,有效
工厂日历,2026/1/14,F002,是,正常,,,,,,,,,,,有效
工厂日历,2026/1/14,F003,是,正常,,,,,,,,,,,有效
工厂日历,2026/1/15,F001,是,正常,,,,,,,,,,,有效
工厂日历,2026/1/15,F002,是,正常,,,,,,,,,,,有效
工厂日历,2026/1/15,F003,是,正常,,,,,,,,,,,有效
工厂日历,2026/1/16,F001,是,正常,,,,,,,,,,,有效
工厂日历,2026/1/16,F002,是,正常,,,,,,,,,,,有效
工厂日历,2026/1/16,F003,是,正常,,,,,,,,,,,有效
工厂日历,2026/1/17,F001,是,加班,周末加班,,,,,,,,,,有效
工厂日历,2026/1/17,F002,否,休息,周末,,,,,,,,,,有效
工厂日历,2026/1/17,F003,否,休息,周末,,,,,,,,,,有效
工厂日历,2026/1/18,F001,是,加班,周末加班,,,,,,,,,,有效
工厂日历,2026/1/18,F002,否,休息,周末,,,,,,,,,,有效
工厂日历,2026/1/18,F003,否,休息,周末,,,,,,,,,,有效
工厂日历,2026/1/19,F001,是,正常,,,,,,,,,,,有效
工厂日历,2026/1/19,F002,是,正常,,,,,,,,,,,有效
工厂日历,2026/1/19,F003,是,正常,,,,,,,,,,,有效
工厂日历,2026/1/20,F001,是,正常,,,,,,,,,,,有效
工厂日历,2026/1/20,F002,是,正常,,,,,,,,,,,有效
工厂日历,2026/1/20,F003,是,正常,,,,,,,,,,,有效
工厂日历,2026/1/21,F001,是,正常,,,,,,,,,,,有效
工厂日历,2026/1/21,F002,是,正常,,,,,,,,,,,有效
工厂日历,2026/1/21,F003,是,正常,,,,,,,,,,,有效
工厂日历,2026/1/22,F001,是,正常,,,,,,,,,,,有效
工厂日历,2026/1/22,F002,是,正常,,,,,,,,,,,有效
工厂日历,2026/1/22,F003,是,正常,,,,,,,,,,,有效
工厂日历,2026/1/23,F001,是,正常,,,,,,,,,,,有效
工厂日历,2026/1/23,F002,是,正常,,,,,,,,,,,有效
工厂日历,2026/1/23,F003,是,正常,,,,,,,,,,,有效
工厂日历,2026/1/24,F001,是,加班,周末加班,,,,,,,,,,有效
工厂日历,2026/1/24,F002,否,休息,周末,,,,,,,,,,有效
工厂日历,2026/1/24,F003,否,休息,周末,,,,,,,,,,有效
工厂日历,2026/1/25,F001,是,加班,周末加班,,,,,,,,,,有效
工厂日历,2026/1/25,F002,否,休息,周末,,,,,,,,,,有效
工厂日历,2026/1/25,F003,否,休息,周末,,,,,,,,,,有效
工厂日历,2026/1/26,F001,否,休息,春节,,,,,,,,,,有效
工厂日历,2026/1/26,F002,否,休息,春节,,,,,,,,,,有效
工厂日历,2026/1/26,F003,否,休息,春节,,,,,,,,,,有效
工厂日历,2026/1/27,F001,否,休息,春节,,,,,,,,,,有效
工厂日历,2026/1/27,F002,否,休息,春节,,,,,,,,,,有效
工厂日历,2026/1/27,F003,否,休息,春节,,,,,,,,,,有效
工厂日历,2026/1/28,F001,否,休息,春节,,,,,,,,,,有效
工厂日历,2026/1/28,F002,否,休息,春节,,,,,,,,,,有效
工厂日历,2026/1/28,F003,否,休息,春节,,,,,,,,,,有效
工厂日历,2026/1/29,F001,否,休息,春节,,,,,,,,,,有效
工厂日历,2026/1/29,F002,否,休息,春节,,,,,,,,,,有效
工厂日历,2026/1/29,F003,否,休息,春节,,,,,,,,,,有效
工厂日历,2026/1/30,F001,否,休息,春节,,,,,,,,,,有效
工厂日历,2026/1/30,F002,否,休息,春节,,,,,,,,,,有效
工厂日历,2026/1/30,F003,否,休息,春节,,,,,,,,,,有效
工厂日历,2026/1/31,F001,否,休息,春节,,,,,,,,,,有效
工厂日历,2026/1/31,F002,否,休息,春节,,,,,,,,,,有效
工厂日历,2026/1/31,F003,否,休息,春节,,,,,,,,,,有效
工厂日历,2026/2/1,F001,否,休息,春节,,,,,,,,,,有效
工厂日历,2026/2/1,F002,否,休息,春节,,,,,,,,,,有效
工厂日历,2026/2/1,F003,否,休息,春节,,,,,,,,,,有效
工厂日历,2026/2/2,F001,否,休息,春节,,,,,,,,,,有效
工厂日历,2026/2/2,F002,否,休息,春节,,,,,,,,,,有效
工厂日历,2026/2/2,F003,否,休息,春节,,,,,,,,,,有效
工厂日历,2026/2/3,F001,否,休息,春节,,,,,,,,,,有效
工厂日历,2026/2/3,F002,否,休息,春节,,,,,,,,,,有效
工厂日历,2026/2/3,F003,否,休息,春节,,,,,,,,,,有效
工厂日历,2026/2/4,F001,否,休息,春节,,,,,,,,,,有效
工厂日历,2026/2/4,F002,否,休息,春节,,,,,,,,,,有效
工厂日历,2026/2/4,F003,否,休息,春节,,,,,,,,,,有效
工厂日历,2026/2/5,F001,是,正常,,,,,,,,,,,有效
工厂日历,2026/2/5,F002,是,正常,,,,,,,,,,,有效
工厂日历,2026/2/5,F003,是,正常,,,,,,,,,,,有效
工厂日历,2026/2/6,F001,是,正常,,,,,,,,,,,有效
工厂日历,2026/2/6,F002,是,正常,,,,,,,,,,,有效
工厂日历,2026/2/6,F003,是,正常,,,,,,,,,,,有效
工厂日历,2026/2/7,F001,是,加班,周末加班,,,,,,,,,,有效
工厂日历,2026/2/7,F002,否,休息,周末,,,,,,,,,,有效
工厂日历,2026/2/7,F003,否,休息,周末,,,,,,,,,,有效
工厂日历,2026/2/8,F001,是,加班,周末加班,,,,,,,,,,有效
工厂日历,2026/2/8,F002,否,休息,周末,,,,,,,,,,有效
工厂日历,2026/2/8,F003,否,休息,周末,,,,,,,,,,有效
工厂日历,2026/2/9,F001,是,正常,,,,,,,,,,,有效
工厂日历,2026/2/9,F002,是,正常,,,,,,,,,,,有效
工厂日历,2026/2/9,F003,是,正常,,,,,,,,,,,有效
工厂日历,2026/2/10,F001,是,正常,,,,,,,,,,,有效
工厂日历,2026/2/10,F002,是,正常,,,,,,,,,,,有效
工厂日历,2026/2/10,F003,是,正常,,,,,,,,,,,有效
工厂日历,2026/2/11,F001,是,正常,,,,,,,,,,,有效
工厂日历,2026/2/11,F002,是,正常,,,,,,,,,,,有效
工厂日历,2026/2/11,F003,是,正常,,,,,,,,,,,有效
工厂日历,2026/2/12,F001,是,正常,,,,,,,,,,,有效
工厂日历,2026/2/12,F002,是,正常,,,,,,,,,,,有效
工厂日历,2026/2/12,F003,是,正常,,,,,,,,,,,有效
工厂日历,2026/2/13,F001,是,正常,,,,,,,,,,,有效
工厂日历,2026/2/13,F002,是,正常,,,,,,,,,,,有效
工厂日历,2026/2/13,F003,是,正常,,,,,,,,,,,有效
工厂日历,2026/2/14,F001,是,加班,周末加班,,,,,,,,,,有效
工厂日历,2026/2/14,F002,否,休息,周末,,,,,,,,,,有效
工厂日历,2026/2/14,F003,否,休息,周末,,,,,,,,,,有效
工厂日历,2026/2/15,F001,是,加班,周末加班,,,,,,,,,,有效
工厂日历,2026/2/15,F002,否,休息,周末,,,,,,,,,,有效
工厂日历,2026/2/15,F003,否,休息,周末,,,,,,,,,,有效
工厂日历,2026/2/16,F001,是,正常,,,,,,,,,,,有效
工厂日历,2026/2/16,F002,是,正常,,,,,,,,,,,有效
工厂日历,2026/2/16,F003,是,正常,,,,,,,,,,,有效
工厂日历,2026/2/17,F001,是,正常,,,,,,,,,,,有效
工厂日历,2026/2/17,F002,是,正常,,,,,,,,,,,有效
工厂日历,2026/2/17,F003,是,正常,,,,,,,,,,,有效
工厂日历,2026/2/18,F001,是,正常,,,,,,,,,,,有效
工厂日历,2026/2/18,F002,是,正常,,,,,,,,,,,有效
工厂日历,2026/2/18,F003,是,正常,,,,,,,,,,,有效
工厂日历,2026/2/19,F001,是,正常,,,,,,,,,,,有效
工厂日历,2026/2/19,F002,是,正常,,,,,,,,,,,有效
工厂日历,2026/2/19,F003,是,正常,,,,,,,,,,,有效
工厂日历,2026/2/20,F001,是,正常,,,,,,,,,,,有效
工厂日历,2026/2/20,F002,是,正常,,,,,,,,,,,有效
工厂日历,2026/2/20,F003,是,正常,,,,,,,,,,,有效
工厂日历,2026/2/21,F001,是,加班,周末加班,,,,,,,,,,有效
工厂日历,2026/2/21,F002,否,休息,周末,,,,,,,,,,有效
工厂日历,2026/2/21,F003,否,休息,周末,,,,,,,,,,有效
工厂日历,2026/2/22,F001,是,加班,周末加班,,,,,,,,,,有效
工厂日历,2026/2/22,F002,否,休息,周末,,,,,,,,,,有效
工厂日历,2026/2/22,F003,否,休息,周末,,,,,,,,,,有效
工厂日历,2026/2/23,F001,是,正常,,,,,,,,,,,有效
工厂日历,2026/2/23,F002,是,正常,,,,,,,,,,,有效
工厂日历,2026/2/23,F003,是,正常,,,,,,,,,,,有效
工厂日历,2026/2/24,F001,是,正常,,,,,,,,,,,有效
工厂日历,2026/2/24,F002,是,正常,,,,,,,,,,,有效
工厂日历,2026/2/24,F003,是,正常,,,,,,,,,,,有效
工厂日历,2026/2/25,F001,是,正常,,,,,,,,,,,有效
工厂日历,2026/2/25,F002,是,正常,,,,,,,,,,,有效
工厂日历,2026/2/25,F003,是,正常,,,,,,,,,,,有效
工厂日历,2026/2/26,F001,是,正常,,,,,,,,,,,有效
工厂日历,2026/2/26,F002,是,正常,,,,,,,,,,,有效
工厂日历,2026/2/26,F003,是,正常,,,,,,,,,,,有效
工厂日历,2026/2/27,F001,是,正常,,,,,,,,,,,有效
工厂日历,2026/2/27,F002,是,正常,,,,,,,,,,,有效
工厂日历,2026/2/27,F003,是,正常,,,,,,,,,,,有效
工厂日历,2026/2/28,F001,是,加班,周末加班,,,,,,,,,,有效
工厂日历,2026/2/28,F002,否,休息,周末,,,,,,,,,,有效
工厂日历,2026/2/28,F003,否,休息,周末,,,,,,,,,,有效
工厂日历,2026/3/1,F001,是,加班,周末加班,,,,,,,,,,有效
工厂日历,2026/3/1,F002,否,休息,周末,,,,,,,,,,有效
工厂日历,2026/3/1,F003,否,休息,周末,,,,,,,,,,有效
工厂日历,2026/3/2,F001,是,正常,,,,,,,,,,,有效
工厂日历,2026/3/2,F002,是,正常,,,,,,,,,,,有效
工厂日历,2026/3/2,F003,是,正常,,,,,,,,,,,有效
工厂日历,2026/3/3,F001,是,正常,,,,,,,,,,,有效
工厂日历,2026/3/3,F002,是,正常,,,,,,,,,,,有效
工厂日历,2026/3/3,F003,是,正常,,,,,,,,,,,有效
工厂日历,2026/3/4,F001,是,正常,,,,,,,,,,,有效
工厂日历,2026/3/4,F002,是,正常,,,,,,,,,,,有效
工厂日历,2026/3/4,F003,是,正常,,,,,,,,,,,有效
工厂日历,2026/3/5,F001,是,正常,,,,,,,,,,,有效
工厂日历,2026/3/5,F002,是,正常,,,,,,,,,,,有效
工厂日历,2026/3/5,F003,是,正常,,,,,,,,,,,有效
工厂日历,2026/3/6,F001,是,正常,,,,,,,,,,,有效
工厂日历,2026/3/6,F002,是,正常,,,,,,,,,,,有效
工厂日历,2026/3/6,F003,是,正常,,,,,,,,,,,有效
工厂日历,2026/3/7,F001,是,加班,周末加班,,,,,,,,,,有效
工厂日历,2026/3/7,F002,否,休息,周末,,,,,,,,,,有效
工厂日历,2026/3/7,F003,否,休息,周末,,,,,,,,,,有效
工厂日历,2026/3/8,F001,是,加班,周末加班,,,,,,,,,,有效
工厂日历,2026/3/8,F002,否,休息,周末,,,,,,,,,,有效
工厂日历,2026/3/8,F003,否,休息,周末,,,,,,,,,,有效
工厂日历,2026/3/9,F001,是,正常,,,,,,,,,,,有效
工厂日历,2026/3/9,F002,是,正常,,,,,,,,,,,有效
工厂日历,2026/3/9,F003,是,正常,,,,,,,,,,,有效
工厂日历,2026/3/10,F001,是,正常,,,,,,,,,,,有效
工厂日历,2026/3/10,F002,是,正常,,,,,,,,,,,有效
工厂日历,2026/3/10,F003,是,正常,,,,,,,,,,,有效
工厂日历,2026/3/11,F001,是,正常,,,,,,,,,,,有效
工厂日历,2026/3/11,F002,是,正常,,,,,,,,,,,有效
工厂日历,2026/3/11,F003,是,正常,,,,,,,,,,,有效
工厂日历,2026/3/12,F001,是,正常,,,,,,,,,,,有效
工厂日历,2026/3/12,F002,是,正常,,,,,,,,,,,有效
工厂日历,2026/3/12,F003,是,正常,,,,,,,,,,,有效
工厂日历,2026/3/13,F001,是,正常,,,,,,,,,,,有效
工厂日历,2026/3/13,F002,是,正常,,,,,,,,,,,有效
工厂日历,2026/3/13,F003,是,正常,,,,,,,,,,,有效
工厂日历,2026/3/14,F001,是,加班,周末加班,,,,,,,,,,有效
工厂日历,2026/3/14,F002,否,休息,周末,,,,,,,,,,有效
工厂日历,2026/3/14,F003,否,休息,周末,,,,,,,,,,有效
工厂日历,2026/3/15,F001,是,加班,周末加班,,,,,,,,,,有效
工厂日历,2026/3/15,F002,否,休息,周末,,,,,,,,,,有效
工厂日历,2026/3/15,F003,否,休息,周末,,,,,,,,,,有效
工厂日历,2026/3/16,F001,是,正常,,,,,,,,,,,有效
工厂日历,2026/3/16,F002,是,正常,,,,,,,,,,,有效
工厂日历,2026/3/16,F003,是,正常,,,,,,,,,,,有效
工厂日历,2026/3/17,F001,是,正常,,,,,,,,,,,有效
工厂日历,2026/3/17,F002,是,正常,,,,,,,,,,,有效
工厂日历,2026/3/17,F003,是,正常,,,,,,,,,,,有效
工厂日历,2026/3/18,F001,是,正常,,,,,,,,,,,有效
工厂日历,2026/3/18,F002,是,正常,,,,,,,,,,,有效
工厂日历,2026/3/18,F003,是,正常,,,,,,,,,,,有效
工厂日历,2026/3/19,F001,是,正常,,,,,,,,,,,有效
工厂日历,2026/3/19,F002,是,正常,,,,,,,,,,,有效
工厂日历,2026/3/19,F003,是,正常,,,,,,,,,,,有效
工厂日历,2026/3/20,F001,是,正常,,,,,,,,,,,有效
工厂日历,2026/3/20,F002,是,正常,,,,,,,,,,,有效
工厂日历,2026/3/20,F003,是,正常,,,,,,,,,,,有效
工厂日历,2026/3/21,F001,是,加班,周末加班,,,,,,,,,,有效
工厂日历,2026/3/21,F002,否,休息,周末,,,,,,,,,,有效
工厂日历,2026/3/21,F003,否,休息,周末,,,,,,,,,,有效
工厂日历,2026/3/22,F001,是,加班,周末加班,,,,,,,,,,有效
工厂日历,2026/3/22,F002,否,休息,周末,,,,,,,,,,有效
工厂日历,2026/3/22,F003,否,休息,周末,,,,,,,,,,有效
工厂日历,2026/3/23,F001,是,正常,,,,,,,,,,,有效
工厂日历,2026/3/23,F002,是,正常,,,,,,,,,,,有效
工厂日历,2026/3/23,F003,是,正常,,,,,,,,,,,有效
工厂日历,2026/3/24,F001,是,正常,,,,,,,,,,,有效
工厂日历,2026/3/24,F002,是,正常,,,,,,,,,,,有效
工厂日历,2026/3/24,F003,是,正常,,,,,,,,,,,有效
工厂日历,2026/3/25,F001,是,正常,,,,,,,,,,,有效
工厂日历,2026/3/25,F002,是,正常,,,,,,,,,,,有效
工厂日历,2026/3/25,F003,是,正常,,,,,,,,,,,有效
工厂日历,2026/3/26,F001,是,正常,,,,,,,,,,,有效
工厂日历,2026/3/26,F002,是,正常,,,,,,,,,,,有效
工厂日历,2026/3/26,F003,是,正常,,,,,,,,,,,有效
工厂日历,2026/3/27,F001,是,正常,,,,,,,,,,,有效
工厂日历,2026/3/27,F002,是,正常,,,,,,,,,,,有效
工厂日历,2026/3/27,F003,是,正常,,,,,,,,,,,有效
工厂日历,2026/3/28,F001,是,加班,周末加班,,,,,,,,,,有效
工厂日历,2026/3/28,F002,否,休息,周末,,,,,,,,,,有效
工厂日历,2026/3/28,F003,否,休息,周末,,,,,,,,,,有效
工厂日历,2026/3/29,F001,是,加班,周末加班,,,,,,,,,,有效
工厂日历,2026/3/29,F002,否,休息,周末,,,,,,,,,,有效
工厂日历,2026/3/29,F003,否,休息,周末,,,,,,,,,,有效
工厂日历,2026/3/30,F001,是,正常,,,,,,,,,,,有效
工厂日历,2026/3/30,F002,是,正常,,,,,,,,,,,有效
工厂日历,2026/3/30,F003,是,正常,,,,,,,,,,,有效
工厂日历,2026/3/31,F001,是,正常,,,,,,,,,,,有效
工厂日历,2026/3/31,F002,是,正常,,,,,,,,,,,有效
工厂日历,2026/3/31,F003,是,正常,,,,,,,,,,,有效
工厂日历,2026/4/1,F001,是,正常,,,,,,,,,,,有效
工厂日历,2026/4/1,F002,是,正常,,,,,,,,,,,有效
工厂日历,2026/4/1,F003,是,正常,,,,,,,,,,,有效
工厂日历,2026/4/2,F001,是,正常,,,,,,,,,,,有效
工厂日历,2026/4/2,F002,是,正常,,,,,,,,,,,有效
工厂日历,2026/4/2,F003,是,正常,,,,,,,,,,,有效
工厂日历,2026/4/3,F001,是,正常,,,,,,,,,,,有效
工厂日历,2026/4/3,F002,是,正常,,,,,,,,,,,有效
工厂日历,2026/4/3,F003,是,正常,,,,,,,,,,,有效
工厂日历,2026/4/4,F001,否,休息,清明节,,,,,,,,,,有效
工厂日历,2026/4/4,F002,否,休息,清明节,,,,,,,,,,有效
工厂日历,2026/4/4,F003,否,休息,清明节,,,,,,,,,,有效
工厂日历,2026/4/5,F001,否,休息,清明节,,,,,,,,,,有效
工厂日历,2026/4/5,F002,否,休息,清明节,,,,,,,,,,有效
工厂日历,2026/4/5,F003,否,休息,清明节,,,,,,,,,,有效
工厂日历,2026/4/6,F001,否,休息,清明节,,,,,,,,,,有效
工厂日历,2026/4/6,F002,否,休息,清明节,,,,,,,,,,有效
工厂日历,2026/4/6,F003,否,休息,清明节,,,,,,,,,,有效
工厂日历,2026/4/7,F001,是,正常,,,,,,,,,,,有效
工厂日历,2026/4/7,F002,是,正常,,,,,,,,,,,有效
工厂日历,2026/4/7,F003,是,正常,,,,,,,,,,,有效
工厂日历,2026/4/8,F001,是,正常,,,,,,,,,,,有效
工厂日历,2026/4/8,F002,是,正常,,,,,,,,,,,有效
工厂日历,2026/4/8,F003,是,正常,,,,,,,,,,,有效
工厂日历,2026/4/9,F001,是,正常,,,,,,,,,,,有效
工厂日历,2026/4/9,F002,是,正常,,,,,,,,,,,有效
工厂日历,2026/4/9,F003,是,正常,,,,,,,,,,,有效
工厂日历,2026/4/10,F001,是,正常,,,,,,,,,,,有效
工厂日历,2026/4/10,F002,是,正常,,,,,,,,,,,有效
工厂日历,2026/4/10,F003,是,正常,,,,,,,,,,,有效
工厂日历,2026/4/11,F001,是,加班,周末加班,,,,,,,,,,有效
工厂日历,2026/4/11,F002,否,休息,周末,,,,,,,,,,有效
工厂日历,2026/4/11,F003,否,休息,周末,,,,,,,,,,有效
工厂日历,2026/4/12,F001,是,加班,周末加班,,,,,,,,,,有效
工厂日历,2026/4/12,F002,否,休息,周末,,,,,,,,,,有效
工厂日历,2026/4/12,F003,否,休息,周末,,,,,,,,,,有效
工厂日历,2026/4/13,F001,是,正常,,,,,,,,,,,有效
工厂日历,2026/4/13,F002,是,正常,,,,,,,,,,,有效
工厂日历,2026/4/13,F003,是,正常,,,,,,,,,,,有效
工厂日历,2026/4/14,F001,是,正常,,,,,,,,,,,有效
工厂日历,2026/4/14,F002,是,正常,,,,,,,,,,,有效
工厂日历,2026/4/14,F003,是,正常,,,,,,,,,,,有效
工厂日历,2026/4/15,F001,是,正常,,,,,,,,,,,有效
工厂日历,2026/4/15,F002,是,正常,,,,,,,,,,,有效
工厂日历,2026/4/15,F003,是,正常,,,,,,,,,,,有效
工厂日历,2026/4/16,F001,是,正常,,,,,,,,,,,有效
工厂日历,2026/4/16,F002,是,正常,,,,,,,,,,,有效
工厂日历,2026/4/16,F003,是,正常,,,,,,,,,,,有效
工厂日历,2026/4/17,F001,是,正常,,,,,,,,,,,有效
工厂日历,2026/4/17,F002,是,正常,,,,,,,,,,,有效
工厂日历,2026/4/17,F003,是,正常,,,,,,,,,,,有效
工厂日历,2026/4/18,F001,是,加班,周末加班,,,,,,,,,,有效
工厂日历,2026/4/18,F002,否,休息,周末,,,,,,,,,,有效
工厂日历,2026/4/18,F003,否,休息,周末,,,,,,,,,,有效
工厂日历,2026/4/19,F001,是,加班,周末加班,,,,,,,,,,有效
工厂日历,2026/4/19,F002,否,休息,周末,,,,,,,,,,有效
工厂日历,2026/4/19,F003,否,休息,周末,,,,,,,,,,有效
工厂日历,2026/4/20,F001,是,正常,,,,,,,,,,,有效
工厂日历,2026/4/20,F002,是,正常,,,,,,,,,,,有效
工厂日历,2026/4/20,F003,是,正常,,,,,,,,,,,有效
工厂日历,2026/4/21,F001,是,正常,,,,,,,,,,,有效
工厂日历,2026/4/21,F002,是,正常,,,,,,,,,,,有效
工厂日历,2026/4/21,F003,是,正常,,,,,,,,,,,有效
工厂日历,2026/4/22,F001,是,正常,,,,,,,,,,,有效
工厂日历,2026/4/22,F002,是,正常,,,,,,,,,,,有效
工厂日历,2026/4/22,F003,是,正常,,,,,,,,,,,有效
工厂日历,2026/4/23,F001,是,正常,,,,,,,,,,,有效
工厂日历,2026/4/23,F002,是,正常,,,,,,,,,,,有效
工厂日历,2026/4/23,F003,是,正常,,,,,,,,,,,有效
工厂日历,2026/4/24,F001,是,正常,,,,,,,,,,,有效
工厂日历,2026/4/24,F002,是,正常,,,,,,,,,,,有效
工厂日历,2026/4/24,F003,是,正常,,,,,,,,,,,有效
工厂日历,2026/4/25,F001,是,加班,周末加班,,,,,,,,,,有效
工厂日历,2026/4/25,F002,否,休息,周末,,,,,,,,,,有效
工厂日历,2026/4/25,F003,否,休息,周末,,,,,,,,,,有效
工厂日历,2026/4/26,F001,是,加班,周末加班,,,,,,,,,,有效
工厂日历,2026/4/26,F002,否,休息,周末,,,,,,,,,,有效
工厂日历,2026/4/26,F003,否,休息,周末,,,,,,,,,,有效
工厂日历,2026/4/27,F001,是,正常,,,,,,,,,,,有效
工厂日历,2026/4/27,F002,是,正常,,,,,,,,,,,有效
工厂日历,2026/4/27,F003,是,正常,,,,,,,,,,,有效
工厂日历,2026/4/28,F001,是,正常,,,,,,,,,,,有效
工厂日历,2026/4/28,F002,是,正常,,,,,,,,,,,有效
工厂日历,2026/4/28,F003,是,正常,,,,,,,,,,,有效
工厂日历,2026/4/29,F001,是,正常,,,,,,,,,,,有效
工厂日历,2026/4/29,F002,是,正常,,,,,,,,,,,有效
工厂日历,2026/4/29,F003,是,正常,,,,,,,,,,,有效
工厂日历,2026/4/30,F001,是,正常,,,,,,,,,,,有效
工厂日历,2026/4/30,F002,是,正常,,,,,,,,,,,有效
工厂日历,2026/4/30,F003,是,正常,,,,,,,,,,,有效
工厂日历,2026/5/1,F001,否,休息,劳动节,,,,,,,,,,有效
工厂日历,2026/5/1,F002,否,休息,劳动节,,,,,,,,,,有效
工厂日历,2026/5/1,F003,否,休息,劳动节,,,,,,,,,,有效
工厂日历,2026/5/2,F001,否,休息,劳动节,,,,,,,,,,有效
工厂日历,2026/5/2,F002,否,休息,劳动节,,,,,,,,,,有效
工厂日历,2026/5/2,F003,否,休息,劳动节,,,,,,,,,,有效
工厂日历,2026/5/3,F001,否,休息,劳动节,,,,,,,,,,有效
工厂日历,2026/5/3,F002,否,休息,劳动节,,,,,,,,,,有效
工厂日历,2026/5/3,F003,否,休息,劳动节,,,,,,,,,,有效
工厂日历,2026/5/4,F001,否,休息,劳动节,,,,,,,,,,有效
工厂日历,2026/5/4,F002,否,休息,劳动节,,,,,,,,,,有效
工厂日历,2026/5/4,F003,否,休息,劳动节,,,,,,,,,,有效
工厂日历,2026/5/5,F001,否,休息,劳动节,,,,,,,,,,有效
工厂日历,2026/5/5,F002,否,休息,劳动节,,,,,,,,,,有效
工厂日历,2026/5/5,F003,否,休息,劳动节,,,,,,,,,,有效
工厂日历,2026/5/6,F001,是,正常,,,,,,,,,,,有效
工厂日历,2026/5/6,F002,是,正常,,,,,,,,,,,有效
工厂日历,2026/5/6,F003,是,正常,,,,,,,,,,,有效
工厂日历,2026/5/7,F001,是,正常,,,,,,,,,,,有效
工厂日历,2026/5/7,F002,是,正常,,,,,,,,,,,有效
工厂日历,2026/5/7,F003,是,正常,,,,,,,,,,,有效
工厂日历,2026/5/8,F001,是,正常,,,,,,,,,,,有效
工厂日历,2026/5/8,F002,是,正常,,,,,,,,,,,有效
工厂日历,2026/5/8,F003,是,正常,,,,,,,,,,,有效
工厂日历,2026/5/9,F001,是,加班,周末加班,,,,,,,,,,有效
工厂日历,2026/5/9,F002,否,休息,周末,,,,,,,,,,有效
工厂日历,2026/5/9,F003,否,休息,周末,,,,,,,,,,有效
工厂日历,2026/5/10,F001,是,加班,周末加班,,,,,,,,,,有效
工厂日历,2026/5/10,F002,否,休息,周末,,,,,,,,,,有效
工厂日历,2026/5/10,F003,否,休息,周末,,,,,,,,,,有效
工厂日历,2026/5/11,F001,是,正常,,,,,,,,,,,有效
工厂日历,2026/5/11,F002,是,正常,,,,,,,,,,,有效
工厂日历,2026/5/11,F003,是,正常,,,,,,,,,,,有效
工厂日历,2026/5/12,F001,是,正常,,,,,,,,,,,有效
工厂日历,2026/5/12,F002,是,正常,,,,,,,,,,,有效
工厂日历,2026/5/12,F003,是,正常,,,,,,,,,,,有效
工厂日历,2026/5/13,F001,是,正常,,,,,,,,,,,有效
工厂日历,2026/5/13,F002,是,正常,,,,,,,,,,,有效
工厂日历,2026/5/13,F003,是,正常,,,,,,,,,,,有效
工厂日历,2026/5/14,F001,是,正常,,,,,,,,,,,有效
工厂日历,2026/5/14,F002,是,正常,,,,,,,,,,,有效
工厂日历,2026/5/14,F003,是,正常,,,,,,,,,,,有效
工厂日历,2026/5/15,F001,是,正常,,,,,,,,,,,有效
工厂日历,2026/5/15,F002,是,正常,,,,,,,,,,,有效
工厂日历,2026/5/15,F003,是,正常,,,,,,,,,,,有效
工厂日历,2026/5/16,F001,是,加班,周末加班,,,,,,,,,,有效
工厂日历,2026/5/16,F002,否,休息,周末,,,,,,,,,,有效
工厂日历,2026/5/16,F003,否,休息,周末,,,,,,,,,,有效
工厂日历,2026/5/17,F001,是,加班,周末加班,,,,,,,,,,有效
工厂日历,2026/5/17,F002,否,休息,周末,,,,,,,,,,有效
工厂日历,2026/5/17,F003,否,休息,周末,,,,,,,,,,有效
工厂日历,2026/5/18,F001,是,正常,,,,,,,,,,,有效
工厂日历,2026/5/18,F002,是,正常,,,,,,,,,,,有效
工厂日历,2026/5/18,F003,是,正常,,,,,,,,,,,有效
工厂日历,2026/5/19,F001,是,正常,,,,,,,,,,,有效
工厂日历,2026/5/19,F002,是,正常,,,,,,,,,,,有效
工厂日历,2026/5/19,F003,是,正常,,,,,,,,,,,有效
工厂日历,2026/5/20,F001,是,正常,,,,,,,,,,,有效
工厂日历,2026/5/20,F002,是,正常,,,,,,,,,,,有效
工厂日历,2026/5/20,F003,是,正常,,,,,,,,,,,有效
工厂日历,2026/5/21,F001,是,正常,,,,,,,,,,,有效
工厂日历,2026/5/21,F002,是,正常,,,,,,,,,,,有效
工厂日历,2026/5/21,F003,是,正常,,,,,,,,,,,有效
工厂日历,2026/5/22,F001,是,正常,,,,,,,,,,,有效
工厂日历,2026/5/22,F002,是,正常,,,,,,,,,,,有效
工厂日历,2026/5/22,F003,是,正常,,,,,,,,,,,有效
工厂日历,2026/5/23,F001,是,加班,周末加班,,,,,,,,,,有效
工厂日历,2026/5/23,F002,否,休息,周末,,,,,,,,,,有效
工厂日历,2026/5/23,F003,否,休息,周末,,,,,,,,,,有效
工厂日历,2026/5/24,F001,是,加班,周末加班,,,,,,,,,,有效
工厂日历,2026/5/24,F002,否,休息,周末,,,,,,,,,,有效
工厂日历,2026/5/24,F003,否,休息,周末,,,,,,,,,,有效
工厂日历,2026/5/25,F001,是,正常,,,,,,,,,,,有效
工厂日历,2026/5/25,F002,是,正常,,,,,,,,,,,有效
工厂日历,2026/5/25,F003,是,正常,,,,,,,,,,,有效
工厂日历,2026/5/26,F001,是,正常,,,,,,,,,,,有效
工厂日历,2026/5/26,F002,是,正常,,,,,,,,,,,有效
工厂日历,2026/5/26,F003,是,正常,,,,,,,,,,,有效
工厂日历,2026/5/27,F001,是,正常,,,,,,,,,,,有效
工厂日历,2026/5/27,F002,是,正常,,,,,,,,,,,有效
工厂日历,2026/5/27,F003,是,正常,,,,,,,,,,,有效
工厂日历,2026/5/28,F001,是,正常,,,,,,,,,,,有效
工厂日历,2026/5/28,F002,是,正常,,,,,,,,,,,有效
工厂日历,2026/5/28,F003,是,正常,,,,,,,,,,,有效
工厂日历,2026/5/29,F001,是,正常,,,,,,,,,,,有效
工厂日历,2026/5/29,F002,是,正常,,,,,,,,,,,有效
工厂日历,2026/5/29,F003,是,正常,,,,,,,,,,,有效
工厂日历,2026/5/30,F001,是,加班,周末加班,,,,,,,,,,有效
工厂日历,2026/5/30,F002,否,休息,周末,,,,,,,,,,有效
工厂日历,2026/5/30,F003,否,休息,周末,,,,,,,,,,有效
工厂日历,2026/5/31,F001,是,加班,周末加班,,,,,,,,,,有效
工厂日历,2026/5/31,F002,否,休息,周末,,,,,,,,,,有效
工厂日历,2026/5/31,F003,否,休息,周末,,,,,,,,,,有效
工厂日历,2026/6/1,F001,是,正常,,,,,,,,,,,有效
工厂日历,2026/6/1,F002,是,正常,,,,,,,,,,,有效
工厂日历,2026/6/1,F003,是,正常,,,,,,,,,,,有效
工厂日历,2026/6/2,F001,是,正常,,,,,,,,,,,有效
工厂日历,2026/6/2,F002,是,正常,,,,,,,,,,,有效
工厂日历,2026/6/2,F003,是,正常,,,,,,,,,,,有效
工厂日历,2026/6/3,F001,是,正常,,,,,,,,,,,有效
工厂日历,2026/6/3,F002,是,正常,,,,,,,,,,,有效
工厂日历,2026/6/3,F003,是,正常,,,,,,,,,,,有效
工厂日历,2026/6/4,F001,是,正常,,,,,,,,,,,有效
工厂日历,2026/6/4,F002,是,正常,,,,,,,,,,,有效
工厂日历,2026/6/4,F003,是,正常,,,,,,,,,,,有效
工厂日历,2026/6/5,F001,是,正常,,,,,,,,,,,有效
工厂日历,2026/6/5,F002,是,正常,,,,,,,,,,,有效
工厂日历,2026/6/5,F003,是,正常,,,,,,,,,,,有效
工厂日历,2026/6/6,F001,是,加班,周末加班,,,,,,,,,,有效
工厂日历,2026/6/6,F002,否,休息,周末,,,,,,,,,,有效
工厂日历,2026/6/6,F003,否,休息,周末,,,,,,,,,,有效
工厂日历,2026/6/7,F001,是,加班,周末加班,,,,,,,,,,有效
工厂日历,2026/6/7,F002,否,休息,周末,,,,,,,,,,有效
工厂日历,2026/6/7,F003,否,休息,周末,,,,,,,,,,有效
工厂日历,2026/6/8,F001,是,正常,,,,,,,,,,,有效
工厂日历,2026/6/8,F002,是,正常,,,,,,,,,,,有效
工厂日历,2026/6/8,F003,是,正常,,,,,,,,,,,有效
工厂日历,2026/6/9,F001,是,正常,,,,,,,,,,,有效
工厂日历,2026/6/9,F002,是,正常,,,,,,,,,,,有效
工厂日历,2026/6/9,F003,是,正常,,,,,,,,,,,有效
工厂日历,2026/6/10,F001,是,正常,,,,,,,,,,,有效
工厂日历,2026/6/10,F002,是,正常,,,,,,,,,,,有效
工厂日历,2026/6/10,F003,是,正常,,,,,,,,,,,有效
工厂日历,2026/6/11,F001,是,正常,,,,,,,,,,,有效
工厂日历,2026/6/11,F002,是,正常,,,,,,,,,,,有效
工厂日历,2026/6/11,F003,是,正常,,,,,,,,,,,有效
工厂日历,2026/6/12,F001,是,正常,,,,,,,,,,,有效
工厂日历,2026/6/12,F002,是,正常,,,,,,,,,,,有效
工厂日历,2026/6/12,F003,是,正常,,,,,,,,,,,有效
工厂日历,2026/6/13,F001,是,加班,周末加班,,,,,,,,,,有效
工厂日历,2026/6/13,F002,否,休息,周末,,,,,,,,,,有效
工厂日历,2026/6/13,F003,否,休息,周末,,,,,,,,,,有效
工厂日历,2026/6/14,F001,是,加班,周末加班,,,,,,,,,,有效
工厂日历,2026/6/14,F002,否,休息,周末,,,,,,,,,,有效
工厂日历,2026/6/14,F003,否,休息,周末,,,,,,,,,,有效
工厂日历,2026/6/15,F001,是,正常,,,,,,,,,,,有效
工厂日历,2026/6/15,F002,是,正常,,,,,,,,,,,有效
工厂日历,2026/6/15,F003,是,正常,,,,,,,,,,,有效
工厂日历,2026/6/16,F001,是,正常,,,,,,,,,,,有效
工厂日历,2026/6/16,F002,是,正常,,,,,,,,,,,有效
工厂日历,2026/6/16,F003,是,正常,,,,,,,,,,,有效
工厂日历,2026/6/17,F001,是,正常,,,,,,,,,,,有效
工厂日历,2026/6/17,F002,是,正常,,,,,,,,,,,有效
工厂日历,2026/6/17,F003,是,正常,,,,,,,,,,,有效
工厂日历,2026/6/18,F001,是,正常,,,,,,,,,,,有效
工厂日历,2026/6/18,F002,是,正常,,,,,,,,,,,有效
工厂日历,2026/6/18,F003,是,正常,,,,,,,,,,,有效
工厂日历,2026/6/19,F001,否,休息,端午节,,,,,,,,,,有效
工厂日历,2026/6/19,F002,否,休息,端午节,,,,,,,,,,有效
工厂日历,2026/6/19,F003,否,休息,端午节,,,,,,,,,,有效
工厂日历,2026/6/20,F001,否,休息,端午节,,,,,,,,,,有效
工厂日历,2026/6/20,F002,否,休息,端午节,,,,,,,,,,有效
工厂日历,2026/6/20,F003,否,休息,端午节,,,,,,,,,,有效
工厂日历,2026/6/21,F001,否,休息,端午节,,,,,,,,,,有效
工厂日历,2026/6/21,F002,否,休息,端午节,,,,,,,,,,有效
工厂日历,2026/6/21,F003,否,休息,端午节,,,,,,,,,,有效
工厂日历,2026/6/22,F001,是,正常,,,,,,,,,,,有效
工厂日历,2026/6/22,F002,是,正常,,,,,,,,,,,有效
工厂日历,2026/6/22,F003,是,正常,,,,,,,,,,,有效
工厂日历,2026/6/23,F001,是,正常,,,,,,,,,,,有效
工厂日历,2026/6/23,F002,是,正常,,,,,,,,,,,有效
工厂日历,2026/6/23,F003,是,正常,,,,,,,,,,,有效
工厂日历,2026/6/24,F001,是,正常,,,,,,,,,,,有效
工厂日历,2026/6/24,F002,是,正常,,,,,,,,,,,有效
工厂日历,2026/6/24,F003,是,正常,,,,,,,,,,,有效
工厂日历,2026/6/25,F001,是,正常,,,,,,,,,,,有效
工厂日历,2026/6/25,F002,是,正常,,,,,,,,,,,有效
工厂日历,2026/6/25,F003,是,正常,,,,,,,,,,,有效
工厂日历,2026/6/26,F001,是,正常,,,,,,,,,,,有效
工厂日历,2026/6/26,F002,是,正常,,,,,,,,,,,有效
工厂日历,2026/6/26,F003,是,正常,,,,,,,,,,,有效
工厂日历,2026/6/27,F001,是,加班,周末加班,,,,,,,,,,有效
工厂日历,2026/6/27,F002,否,休息,周末,,,,,,,,,,有效
工厂日历,2026/6/27,F003,否,休息,周末,,,,,,,,,,有效
工厂日历,2026/6/28,F001,是,加班,周末加班,,,,,,,,,,有效
工厂日历,2026/6/28,F002,否,休息,周末,,,,,,,,,,有效
工厂日历,2026/6/28,F003,否,休息,周末,,,,,,,,,,有效
工厂日历,2026/6/29,F001,是,正常,,,,,,,,,,,有效
工厂日历,2026/6/29,F002,是,正常,,,,,,,,,,,有效
工厂日历,2026/6/29,F003,是,正常,,,,,,,,,,,有效
工厂日历,2026/6/30,F001,是,正常,,,,,,,,,,,有效
工厂日历,2026/6/30,F002,是,正常,,,,,,,,,,,有效
工厂日历,2026/6/30,F003,是,正常,,,,,,,,,,,有效
工厂日历,2026/7/1,F001,是,正常,,,,,,,,,,,有效
工厂日历,2026/7/1,F002,是,正常,,,,,,,,,,,有效
工厂日历,2026/7/1,F003,是,正常,,,,,,,,,,,有效
工厂日历,2026/7/2,F001,是,正常,,,,,,,,,,,有效
工厂日历,2026/7/2,F002,是,正常,,,,,,,,,,,有效
工厂日历,2026/7/2,F003,是,正常,,,,,,,,,,,有效
工厂日历,2026/7/3,F001,是,正常,,,,,,,,,,,有效
工厂日历,2026/7/3,F002,是,正常,,,,,,,,,,,有效
工厂日历,2026/7/3,F003,是,正常,,,,,,,,,,,有效
工厂日历,2026/7/4,F001,是,加班,周末加班,,,,,,,,,,有效
工厂日历,2026/7/4,F002,否,休息,周末,,,,,,,,,,有效
工厂日历,2026/7/4,F003,否,休息,周末,,,,,,,,,,有效
工厂日历,2026/7/5,F001,是,加班,周末加班,,,,,,,,,,有效
工厂日历,2026/7/5,F002,否,休息,周末,,,,,,,,,,有效
工厂日历,2026/7/5,F003,否,休息,周末,,,,,,,,,,有效
工厂日历,2026/7/6,F001,是,正常,,,,,,,,,,,有效
工厂日历,2026/7/6,F002,是,正常,,,,,,,,,,,有效
工厂日历,2026/7/6,F003,是,正常,,,,,,,,,,,有效
工厂日历,2026/7/7,F001,是,正常,,,,,,,,,,,有效
工厂日历,2026/7/7,F002,是,正常,,,,,,,,,,,有效
工厂日历,2026/7/7,F003,是,正常,,,,,,,,,,,有效
工厂日历,2026/7/8,F001,是,正常,,,,,,,,,,,有效
工厂日历,2026/7/8,F002,是,正常,,,,,,,,,,,有效
工厂日历,2026/7/8,F003,是,正常,,,,,,,,,,,有效
工厂日历,2026/7/9,F001,是,正常,,,,,,,,,,,有效
工厂日历,2026/7/9,F002,是,正常,,,,,,,,,,,有效
工厂日历,2026/7/9,F003,是,正常,,,,,,,,,,,有效
工厂日历,2026/7/10,F001,是,正常,,,,,,,,,,,有效
工厂日历,2026/7/10,F002,是,正常,,,,,,,,,,,有效
工厂日历,2026/7/10,F003,是,正常,,,,,,,,,,,有效
工厂日历,2026/7/11,F001,是,加班,周末加班,,,,,,,,,,有效
工厂日历,2026/7/11,F002,否,休息,周末,,,,,,,,,,有效
工厂日历,2026/7/11,F003,否,休息,周末,,,,,,,,,,有效
工厂日历,2026/7/12,F001,是,加班,周末加班,,,,,,,,,,有效
工厂日历,2026/7/12,F002,否,休息,周末,,,,,,,,,,有效
工厂日历,2026/7/12,F003,否,休息,周末,,,,,,,,,,有效
工厂日历,2026/7/13,F001,是,正常,,,,,,,,,,,有效
工厂日历,2026/7/13,F002,是,正常,,,,,,,,,,,有效
工厂日历,2026/7/13,F003,是,正常,,,,,,,,,,,有效
工厂日历,2026/7/14,F001,是,正常,,,,,,,,,,,有效
工厂日历,2026/7/14,F002,是,正常,,,,,,,,,,,有效
工厂日历,2026/7/14,F003,是,正常,,,,,,,,,,,有效
工厂日历,2026/7/15,F001,是,正常,,,,,,,,,,,有效
工厂日历,2026/7/15,F002,是,正常,,,,,,,,,,,有效
工厂日历,2026/7/15,F003,是,正常,,,,,,,,,,,有效
工厂日历,2026/7/16,F001,是,正常,,,,,,,,,,,有效
工厂日历,2026/7/16,F002,是,正常,,,,,,,,,,,有效
工厂日历,2026/7/16,F003,是,正常,,,,,,,,,,,有效
工厂日历,2026/7/17,F001,是,正常,,,,,,,,,,,有效
工厂日历,2026/7/17,F002,是,正常,,,,,,,,,,,有效
工厂日历,2026/7/17,F003,是,正常,,,,,,,,,,,有效
工厂日历,2026/7/18,F001,是,加班,周末加班,,,,,,,,,,有效
工厂日历,2026/7/18,F002,否,休息,周末,,,,,,,,,,有效
工厂日历,2026/7/18,F003,否,休息,周末,,,,,,,,,,有效
工厂日历,2026/7/19,F001,是,加班,周末加班,,,,,,,,,,有效
工厂日历,2026/7/19,F002,否,休息,周末,,,,,,,,,,有效
工厂日历,2026/7/19,F003,否,休息,周末,,,,,,,,,,有效
工厂日历,2026/7/20,F001,是,正常,,,,,,,,,,,有效
工厂日历,2026/7/20,F002,是,正常,,,,,,,,,,,有效
工厂日历,2026/7/20,F003,是,正常,,,,,,,,,,,有效
工厂日历,2026/7/21,F001,是,正常,,,,,,,,,,,有效
工厂日历,2026/7/21,F002,是,正常,,,,,,,,,,,有效
工厂日历,2026/7/21,F003,是,正常,,,,,,,,,,,有效
工厂日历,2026/7/22,F001,是,正常,,,,,,,,,,,有效
工厂日历,2026/7/22,F002,是,正常,,,,,,,,,,,有效
工厂日历,2026/7/22,F003,是,正常,,,,,,,,,,,有效
工厂日历,2026/7/23,F001,是,正常,,,,,,,,,,,有效
工厂日历,2026/7/23,F002,是,正常,,,,,,,,,,,有效
工厂日历,2026/7/23,F003,是,正常,,,,,,,,,,,有效
工厂日历,2026/7/24,F001,是,正常,,,,,,,,,,,有效
工厂日历,2026/7/24,F002,是,正常,,,,,,,,,,,有效
工厂日历,2026/7/24,F003,是,正常,,,,,,,,,,,有效
工厂日历,2026/7/25,F001,是,加班,周末加班,,,,,,,,,,有效
工厂日历,2026/7/25,F002,否,休息,周末,,,,,,,,,,有效
工厂日历,2026/7/25,F003,否,休息,周末,,,,,,,,,,有效
工厂日历,2026/7/26,F001,是,加班,周末加班,,,,,,,,,,有效
工厂日历,2026/7/26,F002,否,休息,周末,,,,,,,,,,有效
工厂日历,2026/7/26,F003,否,休息,周末,,,,,,,,,,有效
工厂日历,2026/7/27,F001,是,正常,,,,,,,,,,,有效
工厂日历,2026/7/27,F002,是,正常,,,,,,,,,,,有效
工厂日历,2026/7/27,F003,是,正常,,,,,,,,,,,有效
工厂日历,2026/7/28,F001,是,正常,,,,,,,,,,,有效
工厂日历,2026/7/28,F002,是,正常,,,,,,,,,,,有效
工厂日历,2026/7/28,F003,是,正常,,,,,,,,,,,有效
工厂日历,2026/7/29,F001,是,正常,,,,,,,,,,,有效
工厂日历,2026/7/29,F002,是,正常,,,,,,,,,,,有效
工厂日历,2026/7/29,F003,是,正常,,,,,,,,,,,有效
工厂日历,2026/7/30,F001,是,正常,,,,,,,,,,,有效
工厂日历,2026/7/30,F002,是,正常,,,,,,,,,,,有效
工厂日历,2026/7/30,F003,是,正常,,,,,,,,,,,有效
工厂日历,2026/7/31,F001,是,正常,,,,,,,,,,,有效
工厂日历,2026/7/31,F002,是,正常,,,,,,,,,,,有效
工厂日历,2026/7/31,F003,是,正常,,,,,,,,,,,有效
工厂日历,2026/8/1,F001,是,加班,周末加班,,,,,,,,,,有效
工厂日历,2026/8/1,F002,否,休息,周末,,,,,,,,,,有效
工厂日历,2026/8/1,F003,否,休息,周末,,,,,,,,,,有效
工厂日历,2026/8/2,F001,是,加班,周末加班,,,,,,,,,,有效
工厂日历,2026/8/2,F002,否,休息,周末,,,,,,,,,,有效
工厂日历,2026/8/2,F003,否,休息,周末,,,,,,,,,,有效
工厂日历,2026/8/3,F001,是,正常,,,,,,,,,,,有效
工厂日历,2026/8/3,F002,是,正常,,,,,,,,,,,有效
工厂日历,2026/8/3,F003,是,正常,,,,,,,,,,,有效
工厂日历,2026/8/4,F001,是,正常,,,,,,,,,,,有效
工厂日历,2026/8/4,F002,是,正常,,,,,,,,,,,有效
工厂日历,2026/8/4,F003,是,正常,,,,,,,,,,,有效
工厂日历,2026/8/5,F001,是,正常,,,,,,,,,,,有效
工厂日历,2026/8/5,F002,是,正常,,,,,,,,,,,有效
工厂日历,2026/8/5,F003,是,正常,,,,,,,,,,,有效
工厂日历,2026/8/6,F001,是,正常,,,,,,,,,,,有效
工厂日历,2026/8/6,F002,是,正常,,,,,,,,,,,有效
工厂日历,2026/8/6,F003,是,正常,,,,,,,,,,,有效
工厂日历,2026/8/7,F001,是,正常,,,,,,,,,,,有效
工厂日历,2026/8/7,F002,是,正常,,,,,,,,,,,有效
工厂日历,2026/8/7,F003,是,正常,,,,,,,,,,,有效
工厂日历,2026/8/8,F001,是,加班,周末加班,,,,,,,,,,有效
工厂日历,2026/8/8,F002,否,休息,周末,,,,,,,,,,有效
工厂日历,2026/8/8,F003,否,休息,周末,,,,,,,,,,有效
工厂日历,2026/8/9,F001,是,加班,周末加班,,,,,,,,,,有效
工厂日历,2026/8/9,F002,否,休息,周末,,,,,,,,,,有效
工厂日历,2026/8/9,F003,否,休息,周末,,,,,,,,,,有效
工厂日历,2026/8/10,F001,是,正常,,,,,,,,,,,有效
工厂日历,2026/8/10,F002,是,正常,,,,,,,,,,,有效
工厂日历,2026/8/10,F003,是,正常,,,,,,,,,,,有效
工厂日历,2026/8/11,F001,是,正常,,,,,,,,,,,有效
工厂日历,2026/8/11,F002,是,正常,,,,,,,,,,,有效
工厂日历,2026/8/11,F003,是,正常,,,,,,,,,,,有效
工厂日历,2026/8/12,F001,是,正常,,,,,,,,,,,有效
工厂日历,2026/8/12,F002,是,正常,,,,,,,,,,,有效
工厂日历,2026/8/12,F003,是,正常,,,,,,,,,,,有效
工厂日历,2026/8/13,F001,是,正常,,,,,,,,,,,有效
工厂日历,2026/8/13,F002,是,正常,,,,,,,,,,,有效
工厂日历,2026/8/13,F003,是,正常,,,,,,,,,,,有效
工厂日历,2026/8/14,F001,是,正常,,,,,,,,,,,有效
工厂日历,2026/8/14,F002,是,正常,,,,,,,,,,,有效
工厂日历,2026/8/14,F003,是,正常,,,,,,,,,,,有效
工厂日历,2026/8/15,F001,是,加班,周末加班,,,,,,,,,,有效
工厂日历,2026/8/15,F002,否,休息,周末,,,,,,,,,,有效
工厂日历,2026/8/15,F003,否,休息,周末,,,,,,,,,,有效
工厂日历,2026/8/16,F001,是,加班,周末加班,,,,,,,,,,有效
工厂日历,2026/8/16,F002,否,休息,周末,,,,,,,,,,有效
工厂日历,2026/8/16,F003,否,休息,周末,,,,,,,,,,有效
工厂日历,2026/8/17,F001,是,正常,,,,,,,,,,,有效
工厂日历,2026/8/17,F002,是,正常,,,,,,,,,,,有效
工厂日历,2026/8/17,F003,是,正常,,,,,,,,,,,有效
工厂日历,2026/8/18,F001,是,正常,,,,,,,,,,,有效
工厂日历,2026/8/18,F002,是,正常,,,,,,,,,,,有效
工厂日历,2026/8/18,F003,是,正常,,,,,,,,,,,有效
工厂日历,2026/8/19,F001,是,正常,,,,,,,,,,,有效
工厂日历,2026/8/19,F002,是,正常,,,,,,,,,,,有效
工厂日历,2026/8/19,F003,是,正常,,,,,,,,,,,有效
工厂日历,2026/8/20,F001,是,正常,,,,,,,,,,,有效
工厂日历,2026/8/20,F002,是,正常,,,,,,,,,,,有效
工厂日历,2026/8/20,F003,是,正常,,,,,,,,,,,有效
工厂日历,2026/8/21,F001,是,正常,,,,,,,,,,,有效
工厂日历,2026/8/21,F002,是,正常,,,,,,,,,,,有效
工厂日历,2026/8/21,F003,是,正常,,,,,,,,,,,有效
工厂日历,2026/8/22,F001,是,加班,周末加班,,,,,,,,,,有效
工厂日历,2026/8/22,F002,否,休息,周末,,,,,,,,,,有效
工厂日历,2026/8/22,F003,否,休息,周末,,,,,,,,,,有效
工厂日历,2026/8/23,F001,是,加班,周末加班,,,,,,,,,,有效
工厂日历,2026/8/23,F002,否,休息,周末,,,,,,,,,,有效
工厂日历,2026/8/23,F003,否,休息,周末,,,,,,,,,,有效
工厂日历,2026/8/24,F001,是,正常,,,,,,,,,,,有效
工厂日历,2026/8/24,F002,是,正常,,,,,,,,,,,有效
工厂日历,2026/8/24,F003,是,正常,,,,,,,,,,,有效
工厂日历,2026/8/25,F001,是,正常,,,,,,,,,,,有效
工厂日历,2026/8/25,F002,是,正常,,,,,,,,,,,有效
工厂日历,2026/8/25,F003,是,正常,,,,,,,,,,,有效
工厂日历,2026/8/26,F001,是,正常,,,,,,,,,,,有效
工厂日历,2026/8/26,F002,是,正常,,,,,,,,,,,有效
工厂日历,2026/8/26,F003,是,正常,,,,,,,,,,,有效
工厂日历,2026/8/27,F001,是,正常,,,,,,,,,,,有效
工厂日历,2026/8/27,F002,是,正常,,,,,,,,,,,有效
工厂日历,2026/8/27,F003,是,正常,,,,,,,,,,,有效
工厂日历,2026/8/28,F001,是,正常,,,,,,,,,,,有效
工厂日历,2026/8/28,F002,是,正常,,,,,,,,,,,有效
工厂日历,2026/8/28,F003,是,正常,,,,,,,,,,,有效
工厂日历,2026/8/29,F001,是,加班,周末加班,,,,,,,,,,有效
工厂日历,2026/8/29,F002,否,休息,周末,,,,,,,,,,有效
工厂日历,2026/8/29,F003,否,休息,周末,,,,,,,,,,有效
工厂日历,2026/8/30,F001,是,加班,周末加班,,,,,,,,,,有效
工厂日历,2026/8/30,F002,否,休息,周末,,,,,,,,,,有效
工厂日历,2026/8/30,F003,否,休息,周末,,,,,,,,,,有效
工厂日历,2026/8/31,F001,是,正常,,,,,,,,,,,有效
工厂日历,2026/8/31,F002,是,正常,,,,,,,,,,,有效
工厂日历,2026/8/31,F003,是,正常,,,,,,,,,,,有效
工厂日历,2026/9/1,F001,是,正常,,,,,,,,,,,有效
工厂日历,2026/9/1,F002,是,正常,,,,,,,,,,,有效
工厂日历,2026/9/1,F003,是,正常,,,,,,,,,,,有效
工厂日历,2026/9/2,F001,是,正常,,,,,,,,,,,有效
工厂日历,2026/9/2,F002,是,正常,,,,,,,,,,,有效
工厂日历,2026/9/2,F003,是,正常,,,,,,,,,,,有效
工厂日历,2026/9/3,F001,是,正常,,,,,,,,,,,有效
工厂日历,2026/9/3,F002,是,正常,,,,,,,,,,,有效
工厂日历,2026/9/3,F003,是,正常,,,,,,,,,,,有效
工厂日历,2026/9/4,F001,是,正常,,,,,,,,,,,有效
工厂日历,2026/9/4,F002,是,正常,,,,,,,,,,,有效
工厂日历,2026/9/4,F003,是,正常,,,,,,,,,,,有效
工厂日历,2026/9/5,F001,是,加班,周末加班,,,,,,,,,,有效
工厂日历,2026/9/5,F002,否,休息,周末,,,,,,,,,,有效
工厂日历,2026/9/5,F003,否,休息,周末,,,,,,,,,,有效
工厂日历,2026/9/6,F001,是,加班,周末加班,,,,,,,,,,有效
工厂日历,2026/9/6,F002,否,休息,周末,,,,,,,,,,有效
工厂日历,2026/9/6,F003,否,休息,周末,,,,,,,,,,有效
工厂日历,2026/9/7,F001,是,正常,,,,,,,,,,,有效
工厂日历,2026/9/7,F002,是,正常,,,,,,,,,,,有效
工厂日历,2026/9/7,F003,是,正常,,,,,,,,,,,有效
工厂日历,2026/9/8,F001,是,正常,,,,,,,,,,,有效
工厂日历,2026/9/8,F002,是,正常,,,,,,,,,,,有效
工厂日历,2026/9/8,F003,是,正常,,,,,,,,,,,有效
工厂日历,2026/9/9,F001,是,正常,,,,,,,,,,,有效
工厂日历,2026/9/9,F002,是,正常,,,,,,,,,,,有效
工厂日历,2026/9/9,F003,是,正常,,,,,,,,,,,有效
工厂日历,2026/9/10,F001,是,正常,,,,,,,,,,,有效
工厂日历,2026/9/10,F002,是,正常,,,,,,,,,,,有效
工厂日历,2026/9/10,F003,是,正常,,,,,,,,,,,有效
工厂日历,2026/9/11,F001,是,正常,,,,,,,,,,,有效
工厂日历,2026/9/11,F002,是,正常,,,,,,,,,,,有效
工厂日历,2026/9/11,F003,是,正常,,,,,,,,,,,有效
工厂日历,2026/9/12,F001,是,加班,周末加班,,,,,,,,,,有效
工厂日历,2026/9/12,F002,否,休息,周末,,,,,,,,,,有效
工厂日历,2026/9/12,F003,否,休息,周末,,,,,,,,,,有效
工厂日历,2026/9/13,F001,是,加班,周末加班,,,,,,,,,,有效
工厂日历,2026/9/13,F002,否,休息,周末,,,,,,,,,,有效
工厂日历,2026/9/13,F003,否,休息,周末,,,,,,,,,,有效
工厂日历,2026/9/14,F001,是,正常,,,,,,,,,,,有效
工厂日历,2026/9/14,F002,是,正常,,,,,,,,,,,有效
工厂日历,2026/9/14,F003,是,正常,,,,,,,,,,,有效
工厂日历,2026/9/15,F001,是,正常,,,,,,,,,,,有效
工厂日历,2026/9/15,F002,是,正常,,,,,,,,,,,有效
工厂日历,2026/9/15,F003,是,正常,,,,,,,,,,,有效
工厂日历,2026/9/16,F001,是,正常,,,,,,,,,,,有效
工厂日历,2026/9/16,F002,是,正常,,,,,,,,,,,有效
工厂日历,2026/9/16,F003,是,正常,,,,,,,,,,,有效
工厂日历,2026/9/17,F001,是,正常,,,,,,,,,,,有效
工厂日历,2026/9/17,F002,是,正常,,,,,,,,,,,有效
工厂日历,2026/9/17,F003,是,正常,,,,,,,,,,,有效
工厂日历,2026/9/18,F001,是,正常,,,,,,,,,,,有效
工厂日历,2026/9/18,F002,是,正常,,,,,,,,,,,有效
工厂日历,2026/9/18,F003,是,正常,,,,,,,,,,,有效
工厂日历,2026/9/19,F001,是,加班,周末加班,,,,,,,,,,有效
工厂日历,2026/9/19,F002,否,休息,周末,,,,,,,,,,有效
工厂日历,2026/9/19,F003,否,休息,周末,,,,,,,,,,有效
工厂日历,2026/9/20,F001,是,加班,周末加班,,,,,,,,,,有效
工厂日历,2026/9/20,F002,否,休息,周末,,,,,,,,,,有效
工厂日历,2026/9/20,F003,否,休息,周末,,,,,,,,,,有效
工厂日历,2026/9/21,F001,是,正常,,,,,,,,,,,有效
工厂日历,2026/9/21,F002,是,正常,,,,,,,,,,,有效
工厂日历,2026/9/21,F003,是,正常,,,,,,,,,,,有效
工厂日历,2026/9/22,F001,是,正常,,,,,,,,,,,有效
工厂日历,2026/9/22,F002,是,正常,,,,,,,,,,,有效
工厂日历,2026/9/22,F003,是,正常,,,,,,,,,,,有效
工厂日历,2026/9/23,F001,是,正常,,,,,,,,,,,有效
工厂日历,2026/9/23,F002,是,正常,,,,,,,,,,,有效
工厂日历,2026/9/23,F003,是,正常,,,,,,,,,,,有效
工厂日历,2026/9/24,F001,是,正常,,,,,,,,,,,有效
工厂日历,2026/9/24,F002,是,正常,,,,,,,,,,,有效
工厂日历,2026/9/24,F003,是,正常,,,,,,,,,,,有效
工厂日历,2026/9/25,F001,否,休息,中秋节,,,,,,,,,,有效
工厂日历,2026/9/25,F002,否,休息,中秋节,,,,,,,,,,有效
工厂日历,2026/9/25,F003,否,休息,中秋节,,,,,,,,,,有效
工厂日历,2026/9/26,F001,否,休息,中秋节,,,,,,,,,,有效
工厂日历,2026/9/26,F002,否,休息,中秋节,,,,,,,,,,有效
工厂日历,2026/9/26,F003,否,休息,中秋节,,,,,,,,,,有效
工厂日历,2026/9/27,F001,否,休息,中秋节,,,,,,,,,,有效
工厂日历,2026/9/27,F002,否,休息,中秋节,,,,,,,,,,有效
工厂日历,2026/9/27,F003,否,休息,中秋节,,,,,,,,,,有效
工厂日历,2026/9/28,F001,是,正常,,,,,,,,,,,有效
工厂日历,2026/9/28,F002,是,正常,,,,,,,,,,,有效
工厂日历,2026/9/28,F003,是,正常,,,,,,,,,,,有效
工厂日历,2026/9/29,F001,是,正常,,,,,,,,,,,有效
工厂日历,2026/9/29,F002,是,正常,,,,,,,,,,,有效
工厂日历,2026/9/29,F003,是,正常,,,,,,,,,,,有效
工厂日历,2026/9/30,F001,是,正常,,,,,,,,,,,有效
工厂日历,2026/9/30,F002,是,正常,,,,,,,,,,,有效
工厂日历,2026/9/30,F003,是,正常,,,,,,,,,,,有效
工厂日历,2026/10/1,F001,否,休息,国庆节,,,,,,,,,,有效
工厂日历,2026/10/1,F002,否,休息,国庆节,,,,,,,,,,有效
工厂日历,2026/10/1,F003,否,休息,国庆节,,,,,,,,,,有效
工厂日历,2026/10/2,F001,否,休息,国庆节,,,,,,,,,,有效
工厂日历,2026/10/2,F002,否,休息,国庆节,,,,,,,,,,有效
工厂日历,2026/10/2,F003,否,休息,国庆节,,,,,,,,,,有效
工厂日历,2026/10/3,F001,否,休息,国庆节,,,,,,,,,,有效
工厂日历,2026/10/3,F002,否,休息,国庆节,,,,,,,,,,有效
工厂日历,2026/10/3,F003,否,休息,国庆节,,,,,,,,,,有效
工厂日历,2026/10/4,F001,否,休息,国庆节,,,,,,,,,,有效
工厂日历,2026/10/4,F002,否,休息,国庆节,,,,,,,,,,有效
工厂日历,2026/10/4,F003,否,休息,国庆节,,,,,,,,,,有效
工厂日历,2026/10/5,F001,否,休息,国庆节,,,,,,,,,,有效
工厂日历,2026/10/5,F002,否,休息,国庆节,,,,,,,,,,有效
工厂日历,2026/10/5,F003,否,休息,国庆节,,,,,,,,,,有效
工厂日历,2026/10/6,F001,否,休息,国庆节,,,,,,,,,,有效
工厂日历,2026/10/6,F002,否,休息,国庆节,,,,,,,,,,有效
工厂日历,2026/10/6,F003,否,休息,国庆节,,,,,,,,,,有效
工厂日历,2026/10/7,F001,否,休息,国庆节,,,,,,,,,,有效
工厂日历,2026/10/7,F002,否,休息,国庆节,,,,,,,,,,有效
工厂日历,2026/10/7,F003,否,休息,国庆节,,,,,,,,,,有效
工厂日历,2026/10/8,F001,是,正常,,,,,,,,,,,有效
工厂日历,2026/10/8,F002,是,正常,,,,,,,,,,,有效
工厂日历,2026/10/8,F003,是,正常,,,,,,,,,,,有效
工厂日历,2026/10/9,F001,是,正常,,,,,,,,,,,有效
工厂日历,2026/10/9,F002,是,正常,,,,,,,,,,,有效
工厂日历,2026/10/9,F003,是,正常,,,,,,,,,,,有效
工厂日历,2026/10/10,F001,是,加班,周末加班,,,,,,,,,,有效
工厂日历,2026/10/10,F002,否,休息,周末,,,,,,,,,,有效
工厂日历,2026/10/10,F003,否,休息,周末,,,,,,,,,,有效
工厂日历,2026/10/11,F001,是,加班,周末加班,,,,,,,,,,有效
工厂日历,2026/10/11,F002,否,休息,周末,,,,,,,,,,有效
工厂日历,2026/10/11,F003,否,休息,周末,,,,,,,,,,有效
工厂日历,2026/10/12,F001,是,正常,,,,,,,,,,,有效
工厂日历,2026/10/12,F002,是,正常,,,,,,,,,,,有效
工厂日历,2026/10/12,F003,是,正常,,,,,,,,,,,有效
工厂日历,2026/10/13,F001,是,正常,,,,,,,,,,,有效
工厂日历,2026/10/13,F002,是,正常,,,,,,,,,,,有效
工厂日历,2026/10/13,F003,是,正常,,,,,,,,,,,有效
工厂日历,2026/10/14,F001,是,正常,,,,,,,,,,,有效
工厂日历,2026/10/14,F002,是,正常,,,,,,,,,,,有效
工厂日历,2026/10/14,F003,是,正常,,,,,,,,,,,有效
工厂日历,2026/10/15,F001,是,正常,,,,,,,,,,,有效
工厂日历,2026/10/15,F002,是,正常,,,,,,,,,,,有效
工厂日历,2026/10/15,F003,是,正常,,,,,,,,,,,有效
工厂日历,2026/10/16,F001,是,正常,,,,,,,,,,,有效
工厂日历,2026/10/16,F002,是,正常,,,,,,,,,,,有效
工厂日历,2026/10/16,F003,是,正常,,,,,,,,,,,有效
工厂日历,2026/10/17,F001,是,加班,周末加班,,,,,,,,,,有效
工厂日历,2026/10/17,F002,否,休息,周末,,,,,,,,,,有效
工厂日历,2026/10/17,F003,否,休息,周末,,,,,,,,,,有效
工厂日历,2026/10/18,F001,是,加班,周末加班,,,,,,,,,,有效
工厂日历,2026/10/18,F002,否,休息,周末,,,,,,,,,,有效
工厂日历,2026/10/18,F003,否,休息,周末,,,,,,,,,,有效
工厂日历,2026/10/19,F001,是,正常,,,,,,,,,,,有效
工厂日历,2026/10/19,F002,是,正常,,,,,,,,,,,有效
工厂日历,2026/10/19,F003,是,正常,,,,,,,,,,,有效
工厂日历,2026/10/20,F001,是,正常,,,,,,,,,,,有效
工厂日历,2026/10/20,F002,是,正常,,,,,,,,,,,有效
工厂日历,2026/10/20,F003,是,正常,,,,,,,,,,,有效
工厂日历,2026/10/21,F001,是,正常,,,,,,,,,,,有效
工厂日历,2026/10/21,F002,是,正常,,,,,,,,,,,有效
工厂日历,2026/10/21,F003,是,正常,,,,,,,,,,,有效
工厂日历,2026/10/22,F001,是,正常,,,,,,,,,,,有效
工厂日历,2026/10/22,F002,是,正常,,,,,,,,,,,有效
工厂日历,2026/10/22,F003,是,正常,,,,,,,,,,,有效
工厂日历,2026/10/23,F001,是,正常,,,,,,,,,,,有效
工厂日历,2026/10/23,F002,是,正常,,,,,,,,,,,有效
工厂日历,2026/10/23,F003,是,正常,,,,,,,,,,,有效
工厂日历,2026/10/24,F001,是,加班,周末加班,,,,,,,,,,有效
工厂日历,2026/10/24,F002,否,休息,周末,,,,,,,,,,有效
工厂日历,2026/10/24,F003,否,休息,周末,,,,,,,,,,有效
工厂日历,2026/10/25,F001,是,加班,周末加班,,,,,,,,,,有效
工厂日历,2026/10/25,F002,否,休息,周末,,,,,,,,,,有效
工厂日历,2026/10/25,F003,否,休息,周末,,,,,,,,,,有效
工厂日历,2026/10/26,F001,是,正常,,,,,,,,,,,有效
工厂日历,2026/10/26,F002,是,正常,,,,,,,,,,,有效
工厂日历,2026/10/26,F003,是,正常,,,,,,,,,,,有效
工厂日历,2026/10/27,F001,是,正常,,,,,,,,,,,有效
工厂日历,2026/10/27,F002,是,正常,,,,,,,,,,,有效
工厂日历,2026/10/27,F003,是,正常,,,,,,,,,,,有效
工厂日历,2026/10/28,F001,是,正常,,,,,,,,,,,有效
工厂日历,2026/10/28,F002,是,正常,,,,,,,,,,,有效
工厂日历,2026/10/28,F003,是,正常,,,,,,,,,,,有效
工厂日历,2026/10/29,F001,是,正常,,,,,,,,,,,有效
工厂日历,2026/10/29,F002,是,正常,,,,,,,,,,,有效
工厂日历,2026/10/29,F003,是,正常,,,,,,,,,,,有效
工厂日历,2026/10/30,F001,是,正常,,,,,,,,,,,有效
工厂日历,2026/10/30,F002,是,正常,,,,,,,,,,,有效
工厂日历,2026/10/30,F003,是,正常,,,,,,,,,,,有效
工厂日历,2026/10/31,F001,是,加班,周末加班,,,,,,,,,,有效
工厂日历,2026/10/31,F002,否,休息,周末,,,,,,,,,,有效
工厂日历,2026/10/31,F003,否,休息,周末,,,,,,,,,,有效
工厂日历,2026/11/1,F001,是,加班,周末加班,,,,,,,,,,有效
工厂日历,2026/11/1,F002,否,休息,周末,,,,,,,,,,有效
工厂日历,2026/11/1,F003,否,休息,周末,,,,,,,,,,有效
工厂日历,2026/11/2,F001,是,正常,,,,,,,,,,,有效
工厂日历,2026/11/2,F002,是,正常,,,,,,,,,,,有效
工厂日历,2026/11/2,F003,是,正常,,,,,,,,,,,有效
工厂日历,2026/11/3,F001,是,正常,,,,,,,,,,,有效
工厂日历,2026/11/3,F002,是,正常,,,,,,,,,,,有效
工厂日历,2026/11/3,F003,是,正常,,,,,,,,,,,有效
工厂日历,2026/11/4,F001,是,正常,,,,,,,,,,,有效
工厂日历,2026/11/4,F002,是,正常,,,,,,,,,,,有效
工厂日历,2026/11/4,F003,是,正常,,,,,,,,,,,有效
工厂日历,2026/11/5,F001,是,正常,,,,,,,,,,,有效
工厂日历,2026/11/5,F002,是,正常,,,,,,,,,,,有效
工厂日历,2026/11/5,F003,是,正常,,,,,,,,,,,有效
工厂日历,2026/11/6,F001,是,正常,,,,,,,,,,,有效
工厂日历,2026/11/6,F002,是,正常,,,,,,,,,,,有效
工厂日历,2026/11/6,F003,是,正常,,,,,,,,,,,有效
工厂日历,2026/11/7,F001,是,加班,周末加班,,,,,,,,,,有效
工厂日历,2026/11/7,F002,否,休息,周末,,,,,,,,,,有效
工厂日历,2026/11/7,F003,否,休息,周末,,,,,,,,,,有效
工厂日历,2026/11/8,F001,是,加班,周末加班,,,,,,,,,,有效
工厂日历,2026/11/8,F002,否,休息,周末,,,,,,,,,,有效
工厂日历,2026/11/8,F003,否,休息,周末,,,,,,,,,,有效
工厂日历,2026/11/9,F001,是,正常,,,,,,,,,,,有效
工厂日历,2026/11/9,F002,是,正常,,,,,,,,,,,有效
工厂日历,2026/11/9,F003,是,正常,,,,,,,,,,,有效
工厂日历,2026/11/10,F001,是,正常,,,,,,,,,,,有效
工厂日历,2026/11/10,F002,是,正常,,,,,,,,,,,有效
工厂日历,2026/11/10,F003,是,正常,,,,,,,,,,,有效
工厂日历,2026/11/11,F001,是,正常,,,,,,,,,,,有效
工厂日历,2026/11/11,F002,是,正常,,,,,,,,,,,有效
工厂日历,2026/11/11,F003,是,正常,,,,,,,,,,,有效
工厂日历,2026/11/12,F001,是,正常,,,,,,,,,,,有效
工厂日历,2026/11/12,F002,是,正常,,,,,,,,,,,有效
工厂日历,2026/11/12,F003,是,正常,,,,,,,,,,,有效
工厂日历,2026/11/13,F001,是,正常,,,,,,,,,,,有效
工厂日历,2026/11/13,F002,是,正常,,,,,,,,,,,有效
工厂日历,2026/11/13,F003,是,正常,,,,,,,,,,,有效
工厂日历,2026/11/14,F001,是,加班,周末加班,,,,,,,,,,有效
工厂日历,2026/11/14,F002,否,休息,周末,,,,,,,,,,有效
工厂日历,2026/11/14,F003,否,休息,周末,,,,,,,,,,有效
工厂日历,2026/11/15,F001,是,加班,周末加班,,,,,,,,,,有效
工厂日历,2026/11/15,F002,否,休息,周末,,,,,,,,,,有效
工厂日历,2026/11/15,F003,否,休息,周末,,,,,,,,,,有效
工厂日历,2026/11/16,F001,是,正常,,,,,,,,,,,有效
工厂日历,2026/11/16,F002,是,正常,,,,,,,,,,,有效
工厂日历,2026/11/16,F003,是,正常,,,,,,,,,,,有效
工厂日历,2026/11/17,F001,是,正常,,,,,,,,,,,有效
工厂日历,2026/11/17,F002,是,正常,,,,,,,,,,,有效
工厂日历,2026/11/17,F003,是,正常,,,,,,,,,,,有效
工厂日历,2026/11/18,F001,是,正常,,,,,,,,,,,有效
工厂日历,2026/11/18,F002,是,正常,,,,,,,,,,,有效
工厂日历,2026/11/18,F003,是,正常,,,,,,,,,,,有效
工厂日历,2026/11/19,F001,是,正常,,,,,,,,,,,有效
工厂日历,2026/11/19,F002,是,正常,,,,,,,,,,,有效
工厂日历,2026/11/19,F003,是,正常,,,,,,,,,,,有效
工厂日历,2026/11/20,F001,是,正常,,,,,,,,,,,有效
工厂日历,2026/11/20,F002,是,正常,,,,,,,,,,,有效
工厂日历,2026/11/20,F003,是,正常,,,,,,,,,,,有效
工厂日历,2026/11/21,F001,是,加班,周末加班,,,,,,,,,,有效
工厂日历,2026/11/21,F002,否,休息,周末,,,,,,,,,,有效
工厂日历,2026/11/21,F003,否,休息,周末,,,,,,,,,,有效
工厂日历,2026/11/22,F001,是,加班,周末加班,,,,,,,,,,有效
工厂日历,2026/11/22,F002,否,休息,周末,,,,,,,,,,有效
工厂日历,2026/11/22,F003,否,休息,周末,,,,,,,,,,有效
工厂日历,2026/11/23,F001,是,正常,,,,,,,,,,,有效
工厂日历,2026/11/23,F002,是,正常,,,,,,,,,,,有效
工厂日历,2026/11/23,F003,是,正常,,,,,,,,,,,有效
工厂日历,2026/11/24,F001,是,正常,,,,,,,,,,,有效
工厂日历,2026/11/24,F002,是,正常,,,,,,,,,,,有效
工厂日历,2026/11/24,F003,是,正常,,,,,,,,,,,有效
工厂日历,2026/11/25,F001,是,正常,,,,,,,,,,,有效
工厂日历,2026/11/25,F002,是,正常,,,,,,,,,,,有效
工厂日历,2026/11/25,F003,是,正常,,,,,,,,,,,有效
工厂日历,2026/11/26,F001,是,正常,,,,,,,,,,,有效
工厂日历,2026/11/26,F002,是,正常,,,,,,,,,,,有效
工厂日历,2026/11/26,F003,是,正常,,,,,,,,,,,有效
工厂日历,2026/11/27,F001,是,正常,,,,,,,,,,,有效
工厂日历,2026/11/27,F002,是,正常,,,,,,,,,,,有效
工厂日历,2026/11/27,F003,是,正常,,,,,,,,,,,有效
工厂日历,2026/11/28,F001,是,加班,周末加班,,,,,,,,,,有效
工厂日历,2026/11/28,F002,否,休息,周末,,,,,,,,,,有效
工厂日历,2026/11/28,F003,否,休息,周末,,,,,,,,,,有效
工厂日历,2026/11/29,F001,是,加班,周末加班,,,,,,,,,,有效
工厂日历,2026/11/29,F002,否,休息,周末,,,,,,,,,,有效
工厂日历,2026/11/29,F003,否,休息,周末,,,,,,,,,,有效
工厂日历,2026/11/30,F001,是,正常,,,,,,,,,,,有效
工厂日历,2026/11/30,F002,是,正常,,,,,,,,,,,有效
工厂日历,2026/11/30,F003,是,正常,,,,,,,,,,,有效
工厂日历,2026/12/1,F001,是,正常,,,,,,,,,,,有效
工厂日历,2026/12/1,F002,是,正常,,,,,,,,,,,有效
工厂日历,2026/12/1,F003,是,正常,,,,,,,,,,,有效
工厂日历,2026/12/2,F001,是,正常,,,,,,,,,,,有效
工厂日历,2026/12/2,F002,是,正常,,,,,,,,,,,有效
工厂日历,2026/12/2,F003,是,正常,,,,,,,,,,,有效
工厂日历,2026/12/3,F001,是,正常,,,,,,,,,,,有效
工厂日历,2026/12/3,F002,是,正常,,,,,,,,,,,有效
工厂日历,2026/12/3,F003,是,正常,,,,,,,,,,,有效
工厂日历,2026/12/4,F001,是,正常,,,,,,,,,,,有效
工厂日历,2026/12/4,F002,是,正常,,,,,,,,,,,有效
工厂日历,2026/12/4,F003,是,正常,,,,,,,,,,,有效
工厂日历,2026/12/5,F001,是,加班,周末加班,,,,,,,,,,有效
工厂日历,2026/12/5,F002,否,休息,周末,,,,,,,,,,有效
工厂日历,2026/12/5,F003,否,休息,周末,,,,,,,,,,有效
工厂日历,2026/12/6,F001,是,加班,周末加班,,,,,,,,,,有效
工厂日历,2026/12/6,F002,否,休息,周末,,,,,,,,,,有效
工厂日历,2026/12/6,F003,否,休息,周末,,,,,,,,,,有效
工厂日历,2026/12/7,F001,是,正常,,,,,,,,,,,有效
工厂日历,2026/12/7,F002,是,正常,,,,,,,,,,,有效
工厂日历,2026/12/7,F003,是,正常,,,,,,,,,,,有效
工厂日历,2026/12/8,F001,是,正常,,,,,,,,,,,有效
工厂日历,2026/12/8,F002,是,正常,,,,,,,,,,,有效
工厂日历,2026/12/8,F003,是,正常,,,,,,,,,,,有效
工厂日历,2026/12/9,F001,是,正常,,,,,,,,,,,有效
工厂日历,2026/12/9,F002,是,正常,,,,,,,,,,,有效
工厂日历,2026/12/9,F003,是,正常,,,,,,,,,,,有效
工厂日历,2026/12/10,F001,是,正常,,,,,,,,,,,有效
工厂日历,2026/12/10,F002,是,正常,,,,,,,,,,,有效
工厂日历,2026/12/10,F003,是,正常,,,,,,,,,,,有效
工厂日历,2026/12/11,F001,是,正常,,,,,,,,,,,有效
工厂日历,2026/12/11,F002,是,正常,,,,,,,,,,,有效
工厂日历,2026/12/11,F003,是,正常,,,,,,,,,,,有效
工厂日历,2026/12/12,F001,是,加班,周末加班,,,,,,,,,,有效
工厂日历,2026/12/12,F002,否,休息,周末,,,,,,,,,,有效
工厂日历,2026/12/12,F003,否,休息,周末,,,,,,,,,,有效
工厂日历,2026/12/13,F001,是,加班,周末加班,,,,,,,,,,有效
工厂日历,2026/12/13,F002,否,休息,周末,,,,,,,,,,有效
工厂日历,2026/12/13,F003,否,休息,周末,,,,,,,,,,有效
工厂日历,2026/12/14,F001,是,正常,,,,,,,,,,,有效
工厂日历,2026/12/14,F002,是,正常,,,,,,,,,,,有效
工厂日历,2026/12/14,F003,是,正常,,,,,,,,,,,有效
工厂日历,2026/12/15,F001,是,正常,,,,,,,,,,,有效
工厂日历,2026/12/15,F002,是,正常,,,,,,,,,,,有效
工厂日历,2026/12/15,F003,是,正常,,,,,,,,,,,有效
工厂日历,2026/12/16,F001,是,正常,,,,,,,,,,,有效
工厂日历,2026/12/16,F002,是,正常,,,,,,,,,,,有效
工厂日历,2026/12/16,F003,是,正常,,,,,,,,,,,有效
工厂日历,2026/12/17,F001,是,正常,,,,,,,,,,,有效
工厂日历,2026/12/17,F002,是,正常,,,,,,,,,,,有效
工厂日历,2026/12/17,F003,是,正常,,,,,,,,,,,有效
工厂日历,2026/12/18,F001,是,正常,,,,,,,,,,,有效
工厂日历,2026/12/18,F002,是,正常,,,,,,,,,,,有效
工厂日历,2026/12/18,F003,是,正常,,,,,,,,,,,有效
工厂日历,2026/12/19,F001,是,加班,周末加班,,,,,,,,,,有效
工厂日历,2026/12/19,F002,否,休息,周末,,,,,,,,,,有效
工厂日历,2026/12/19,F003,否,休息,周末,,,,,,,,,,有效
工厂日历,2026/12/20,F001,是,加班,周末加班,,,,,,,,,,有效
工厂日历,2026/12/20,F002,否,休息,周末,,,,,,,,,,有效
工厂日历,2026/12/20,F003,否,休息,周末,,,,,,,,,,有效
工厂日历,2026/12/21,F001,是,正常,,,,,,,,,,,有效
工厂日历,2026/12/21,F002,是,正常,,,,,,,,,,,有效
工厂日历,2026/12/21,F003,是,正常,,,,,,,,,,,有效
工厂日历,2026/12/22,F001,是,正常,,,,,,,,,,,有效
工厂日历,2026/12/22,F002,是,正常,,,,,,,,,,,有效
工厂日历,2026/12/22,F003,是,正常,,,,,,,,,,,有效
工厂日历,2026/12/23,F001,是,正常,,,,,,,,,,,有效
工厂日历,2026/12/23,F002,是,正常,,,,,,,,,,,有效
工厂日历,2026/12/23,F003,是,正常,,,,,,,,,,,有效
工厂日历,2026/12/24,F001,是,正常,,,,,,,,,,,有效
工厂日历,2026/12/24,F002,是,正常,,,,,,,,,,,有效
工厂日历,2026/12/24,F003,是,正常,,,,,,,,,,,有效
工厂日历,2026/12/25,F001,是,正常,,,,,,,,,,,有效
工厂日历,2026/12/25,F002,是,正常,,,,,,,,,,,有效
工厂日历,2026/12/25,F003,是,正常,,,,,,,,,,,有效
工厂日历,2026/12/26,F001,是,加班,周末加班,,,,,,,,,,有效
工厂日历,2026/12/26,F002,否,休息,周末,,,,,,,,,,有效
工厂日历,2026/12/26,F003,否,休息,周末,,,,,,,,,,有效
工厂日历,2026/12/27,F001,是,加班,周末加班,,,,,,,,,,有效
工厂日历,2026/12/27,F002,否,休息,周末,,,,,,,,,,有效
工厂日历,2026/12/27,F003,否,休息,周末,,,,,,,,,,有效
工厂日历,2026/12/28,F001,是,正常,,,,,,,,,,,有效
工厂日历,2026/12/28,F002,是,正常,,,,,,,,,,,有效
工厂日历,2026/12/28,F003,是,正常,,,,,,,,,,,有效
工厂日历,2026/12/29,F001,是,正常,,,,,,,,,,,有效
工厂日历,2026/12/29,F002,是,正常,,,,,,,,,,,有效
工厂日历,2026/12/29,F003,是,正常,,,,,,,,,,,有效
工厂日历,2026/12/30,F001,是,正常,,,,,,,,,,,有效
工厂日历,2026/12/30,F002,是,正常,,,,,,,,,,,有效
工厂日历,2026/12/30,F003,是,正常,,,,,,,,,,,有效
工厂日历,2026/12/31,F001,是,正常,,,,,,,,,,,有效
工厂日历,2026/12/31,F002,是,正常,,,,,,,,,,,有效
工厂日历,2026/12/31,F003,是,正常,,,,,,,,,,,有效
工厂调拨,,,,,,FT0001,M0076,F001,F003,4036,2026/5/20,2026/5/25,质量转移,SO-2026-08452,待执行
工厂调拨,,,,,,FT0002,M0136,F002,F003,9067,2026/5/22,2026/5/25,紧急调拨,SO-2026-00895,待执行
工厂调拨,,,,,,FT0003,M0079,F002,F001,2026,2026/6/16,2026/6/18,质量转移,SO-2026-06725,待执行
工厂调拨,,,,,,FT0004,M0196,F003,F001,3188,2026/5/14,2026/5/18,质量转移,SO-2026-09920,待执行
工厂调拨,,,,,,FT0005,M0195,F003,F002,1697,2026/6/23,2026/6/25,紧急调拨,SO-2026-03177,待执行
工厂调拨,,,,,,FT0006,M0046,F002,F001,8801,2026/5/9,2026/5/12,订单需求调拨,SO-2026-01825,待执行
工厂调拨,,,,,,FT0007,M0075,F003,F001,8092,2026/5/7,2026/5/8,产能平衡调拨,SO-2026-02294,待执行
工厂调拨,,,,,,FT0008,M0123,F002,F003,3070,2026/5/4,2026/5/7,产能平衡调拨,SO-2026-07280,待执行
工厂调拨,,,,,,FT0009,M0030,F001,F003,8106,2026/5/5,2026/5/10,订单需求调拨,SO-2026-00410,待执行
工厂调拨,,,,,,FT0010,M0039,F003,F002,1445,2026/5/16,2026/5/17,产能平衡调拨,SO-2026-08798,待执行
工厂调拨,,,,,,FT0011,M0156,F003,F001,8611,2026/5/25,2026/5/29,紧急调拨,SO-2026-05191,待执行
工厂调拨,,,,,,FT0012,M0151,F002,F003,9366,2026/6/9,2026/6/10,订单需求调拨,SO-2026-04507,待执行
工厂调拨,,,,,,FT0013,M0054,F003,F001,4385,2026/6/12,2026/6/13,库存平衡调拨,SO-2026-02079,待执行
工厂调拨,,,,,,FT0014,M0142,F001,F002,93,2026/5/27,2026/5/31,产能平衡调拨,SO-2026-06507,待执行
工厂调拨,,,,,,FT0015,M0075,F001,F002,4770,2026/6/15,2026/6/18,产能平衡调拨,SO-2026-03665,待执行
工厂调拨,,,,,,FT0016,M0019,F003,F001,4384,2026/6/20,2026/6/25,库存平衡调拨,SO-2026-07239,待执行
工厂调拨,,,,,,FT0017,M0109,F001,F002,2491,2026/6/28,2026/7/1,订单需求调拨,SO-2026-04013,待执行
工厂调拨,,,,,,FT0018,M0043,F002,F003,7245,2026/5/8,2026/5/12,产能平衡调拨,SO-2026-01756,待执行
工厂调拨,,,,,,FT0019,M0070,F003,F002,7222,2026/5/6,2026/5/11,产能平衡调拨,SO-2026-05148,待执行
工厂调拨,,,,,,FT0020,M0189,F002,F003,473,2026/5/6,2026/5/8,质量转移,SO-2026-05238,待执行
工厂调拨,,,,,,FT0021,M0151,F001,F003,9491,2026/5/3,2026/5/5,产能平衡调拨,SO-2026-02367,待执行
工厂调拨,,,,,,FT0022,M0072,F001,F003,8106,2026/5/6,2026/5/10,紧急调拨,SO-2026-01895,待执行
工厂调拨,,,,,,FT0023,M0083,F003,F001,2684,2026/5/22,2026/5/26,紧急调拨,SO-2026-05497,待执行
工厂调拨,,,,,,FT0024,M0170,F002,F001,7501,2026/5/6,2026/5/9,订单需求调拨,SO-2026-03658,待执行
工厂调拨,,,,,,FT0025,M0104,F003,F001,8939,2026/5/30,2026/6/3,质量转移,SO-2026-01347,待执行
工厂调拨,,,,,,FT0026,M0093,F003,F002,7292,2026/6/18,2026/6/19,质量转移,SO-2026-02586,待执行
工厂调拨,,,,,,FT0027,M0034,F002,F003,7991,2026/5/8,2026/5/9,质量转移,SO-2026-04449,待执行
工厂调拨,,,,,,FT0028,M0062,F003,F001,5141,2026/6/5,2026/6/6,订单需求调拨,SO-2026-02287,待执行
工厂调拨,,,,,,FT0029,M0030,F002,F001,2572,2026/6/1,2026/6/4,紧急调拨,SO-2026-01822,待执行
工厂调拨,,,,,,FT0030,M0107,F002,F003,4043,2026/5/30,2026/6/4,库存平衡调拨,SO-2026-08402,待执行
工厂调拨,,,,,,FT0031,M0154,F003,F001,1193,2026/5/18,2026/5/22,质量转移,SO-2026-01920,待执行
工厂调拨,,,,,,FT0032,M0069,F001,F003,4941,2026/6/23,2026/6/28,产能平衡调拨,SO-2026-09763,待执行
工厂调拨,,,,,,FT0033,M0039,F002,F003,5704,2026/5/22,2026/5/27,产能平衡调拨,SO-2026-09431,待执行
工厂调拨,,,,,,FT0034,M0117,F002,F001,3962,2026/6/6,2026/6/10,产能平衡调拨,SO-2026-05017,待执行
工厂调拨,,,,,,FT0035,M0012,F002,F003,6296,2026/5/25,2026/5/27,订单需求调拨,SO-2026-01680,待执行
工厂调拨,,,,,,FT0036,M0129,F003,F002,1694,2026/6/25,2026/6/29,产能平衡调拨,SO-2026-09821,待执行
工厂调拨,,,,,,FT0037,M0004,F003,F001,6767,2026/6/25,2026/6/27,紧急调拨,SO-2026-06925,待执行
工厂调拨,,,,,,FT0038,M0087,F003,F002,1365,2026/6/24,2026/6/27,质量转移,SO-2026-02230,待执行
工厂调拨,,,,,,FT0039,M0098,F002,F003,8914,2026/5/3,2026/5/8,紧急调拨,SO-2026-01348,待执行
工厂调拨,,,,,,FT0040,M0059,F003,F001,7160,2026/5/7,2026/5/8,紧急调拨,SO-2026-07406,待执行
工厂调拨,,,,,,FT0041,M0008,F001,F003,969,2026/5/19,2026/5/22,库存平衡调拨,SO-2026-08672,待执行
工厂调拨,,,,,,FT0042,M0063,F003,F002,9322,2026/6/13,2026/6/15,订单需求调拨,SO-2026-08936,待执行
工厂调拨,,,,,,FT0043,M0098,F003,F001,8203,2026/6/28,2026/7/3,产能平衡调拨,SO-2026-07447,待执行
工厂调拨,,,,,,FT0044,M0164,F002,F003,4233,2026/6/12,2026/6/13,产能平衡调拨,SO-2026-03010,待执行
工厂调拨,,,,,,FT0045,M0074,F003,F001,1260,2026/5/29,2026/6/1,紧急调拨,SO-2026-02216,待执行
工厂调拨,,,,,,FT0046,M0164,F002,F003,7534,2026/6/24,2026/6/27,产能平衡调拨,SO-2026-08340,待执行
工厂调拨,,,,,,FT0047,M0124,F001,F002,6298,2026/6/6,2026/6/9,紧急调拨,SO-2026-07960,待执行
工厂调拨,,,,,,FT0048,M0006,F003,F002,4547,2026/5/1,2026/5/6,订单需求调拨,SO-2026-01425,待执行
工厂调拨,,,,,,FT0049,M0191,F002,F003,3820,2026/6/8,2026/6/11,库存平衡调拨,SO-2026-02865,待执行
工厂调拨,,,,,,FT0050,M0159,F002,F001,1641,2026/6/27,2026/6/28,产能平衡调拨,SO-2026-00062,待执行
工厂调拨,,,,,,FT0051,M0009,F003,F002,2203,2026/5/6,2026/5/9,产能平衡调拨,SO-2026-08274,待执行
工厂调拨,,,,,,FT0052,M0045,F001,F002,8887,2026/6/26,2026/6/29,紧急调拨,SO-2026-05162,待执行
工厂调拨,,,,,,FT0053,M0043,F002,F003,4885,2026/6/17,2026/6/20,产能平衡调拨,SO-2026-05370,待执行
工厂调拨,,,,,,FT0054,M0020,F001,F002,6561,2026/6/24,2026/6/29,产能平衡调拨,SO-2026-06202,待执行
工厂调拨,,,,,,FT0055,M0004,F002,F001,7501,2026/5/24,2026/5/27,紧急调拨,SO-2026-08717,待执行
工厂调拨,,,,,,FT0056,M0028,F003,F001,7774,2026/5/2,2026/5/7,质量转移,SO-2026-05348,待执行
工厂调拨,,,,,,FT0057,M0084,F003,F001,1085,2026/6/10,2026/6/14,紧急调拨,SO-2026-02783,待执行
工厂调拨,,,,,,FT0058,M0167,F002,F001,2340,2026/5/3,2026/5/4,产能平衡调拨,SO-2026-00694,待执行
工厂调拨,,,,,,FT0059,M0030,F001,F002,8857,2026/5/9,2026/5/13,质量转移,SO-2026-02530,待执行
工厂调拨,,,,,,FT0060,M0108,F003,F001,6847,2026/6/11,2026/6/12,质量转移,SO-2026-09061,待执行
工厂调拨,,,,,,FT0061,M0105,F002,F001,6120,2026/5/14,2026/5/18,库存平衡调拨,SO-2026-08513,待执行
工厂调拨,,,,,,FT0062,M0093,F001,F003,8970,2026/6/27,2026/6/30,紧急调拨,SO-2026-01718,待执行
工厂调拨,,,,,,FT0063,M0049,F001,F003,1551,2026/6/12,2026/6/14,质量转移,SO-2026-04311,待执行
工厂调拨,,,,,,FT0064,M0006,F001,F003,4040,2026/5/9,2026/5/14,质量转移,SO-2026-01881,待执行
工厂调拨,,,,,,FT0065,M0054,F003,F001,3867,2026/5/22,2026/5/24,质量转移,SO-2026-01071,待执行
工厂调拨,,,,,,FT0066,M0001,F002,F001,2179,2026/6/4,2026/6/7,订单需求调拨,SO-2026-09675,待执行
工厂调拨,,,,,,FT0067,M0007,F001,F002,5919,2026/6/20,2026/6/22,订单需求调拨,SO-2026-06913,待执行
工厂调拨,,,,,,FT0068,M0068,F001,F002,6947,2026/6/3,2026/6/4,产能平衡调拨,SO-2026-08552,待执行
工厂调拨,,,,,,FT0069,M0115,F002,F001,7455,2026/6/2,2026/6/4,订单需求调拨,SO-2026-00521,待执行
工厂调拨,,,,,,FT0070,M0169,F003,F002,7554,2026/6/11,2026/6/12,产能平衡调拨,SO-2026-02765,待执行
工厂调拨,,,,,,FT0071,M0103,F002,F001,8082,2026/6/15,2026/6/19,订单需求调拨,SO-2026-00489,待执行
工厂调拨,,,,,,FT0072,M0156,F001,F002,2117,2026/5/18,2026/5/23,质量转移,SO-2026-04141,待执行
工厂调拨,,,,,,FT0073,M0183,F002,F003,9837,2026/6/3,2026/6/6,质量转移,SO-2026-01412,待执行
工厂调拨,,,,,,FT0074,M0111,F001,F002,9083,2026/6/16,2026/6/18,库存平衡调拨,SO-2026-00543,待执行
工厂调拨,,,,,,FT0075,M0106,F002,F003,6582,2026/5/27,2026/5/28,紧急调拨,SO-2026-03733,待执行
工厂调拨,,,,,,FT0076,M0171,F002,F003,2550,2026/6/13,2026/6/17,订单需求调拨,SO-2026-01536,待执行
工厂调拨,,,,,,FT0077,M0111,F001,F003,2181,2026/6/5,2026/6/6,质量转移,SO-2026-08770,待执行
工厂调拨,,,,,,FT0078,M0144,F002,F001,6780,2026/5/23,2026/5/27,订单需求调拨,SO-2026-03583,待执行
工厂调拨,,,,,,FT0079,M0154,F002,F003,1747,2026/6/6,2026/6/11,产能平衡调拨,SO-2026-04365,待执行
工厂调拨,,,,,,FT0080,M0058,F001,F003,9163,2026/5/24,2026/5/25,质量转移,SO-2026-02610,待执行
工厂调拨,,,,,,FT0081,M0058,F002,F001,4431,2026/5/2,2026/5/4,紧急调拨,SO-2026-01235,待执行
工厂调拨,,,,,,FT0082,M0087,F002,F001,3022,2026/6/25,2026/6/27,产能平衡调拨,SO-2026-06022,待执行
工厂调拨,,,,,,FT0083,M0018,F001,F002,1553,2026/6/17,2026/6/22,产能平衡调拨,SO-2026-05098,待执行
工厂调拨,,,,,,FT0084,M0117,F002,F001,6112,2026/5/20,2026/5/23,质量转移,SO-2026-01937,待执行
工厂调拨,,,,,,FT0085,M0153,F001,F002,2599,2026/5/11,2026/5/16,订单需求调拨,SO-2026-03812,待执行
工厂调拨,,,,,,FT0086,M0114,F003,F002,8007,2026/6/8,2026/6/12,库存平衡调拨,SO-2026-06875,待执行
工厂调拨,,,,,,FT0087,M0194,F003,F001,5705,2026/5/28,2026/5/29,质量转移,SO-2026-04217,待执行
工厂调拨,,,,,,FT0088,M0125,F003,F002,794,2026/5/15,2026/5/19,订单需求调拨,SO-2026-08280,待执行
工厂调拨,,,,,,FT0089,M0053,F002,F001,2298,2026/6/18,2026/6/21,订单需求调拨,SO-2026-09864,待执行
工厂调拨,,,,,,FT0090,M0128,F003,F002,2928,2026/5/9,2026/5/13,库存平衡调拨,SO-2026-05815,待执行
工厂调拨,,,,,,FT0091,M0129,F003,F002,1230,2026/5/26,2026/5/27,产能平衡调拨,SO-2026-02793,待执行
工厂调拨,,,,,,FT0092,M0020,F002,F003,9444,2026/5/26,2026/5/30,产能平衡调拨,SO-2026-04133,待执行
工厂调拨,,,,,,FT0093,M0006,F002,F001,7588,2026/6/23,2026/6/26,订单需求调拨,SO-2026-00435,待执行
工厂调拨,,,,,,FT0094,M0112,F003,F002,8634,2026/5/6,2026/5/10,紧急调拨,SO-2026-04766,待执行
工厂调拨,,,,,,FT0095,M0057,F002,F001,1301,2026/6/2,2026/6/3,库存平衡调拨,SO-2026-07923,待执行
工厂调拨,,,,,,FT0096,M0199,F002,F003,2469,2026/5/16,2026/5/17,库存平衡调拨,SO-2026-01158,待执行
工厂调拨,,,,,,FT0097,M0045,F003,F001,1284,2026/5/12,2026/5/16,质量转移,SO-2026-06617,待执行
工厂调拨,,,,,,FT0098,M0195,F003,F002,9298,2026/6/11,2026/6/16,紧急调拨,SO-2026-00711,待执行
工厂调拨,,,,,,FT0099,M0039,F002,F001,7732,2026/5/29,2026/6/1,质量转移,SO-2026-00723,待执行
工厂调拨,,,,,,FT0100,M0015,F002,F001,5135,2026/5/30,2026/6/3,紧急调拨,SO-2026-03867,待执行
工厂调拨,,,,,,FT0101,M0074,F001,F002,9783,2026/6/2,2026/6/6,质量转移,SO-2026-07245,待执行
工厂调拨,,,,,,FT0102,M0190,F001,F003,9416,2026/6/11,2026/6/13,产能平衡调拨,SO-2026-03684,待执行
工厂调拨,,,,,,FT0103,M0129,F001,F002,7431,2026/5/7,2026/5/10,订单需求调拨,SO-2026-09196,待执行
工厂调拨,,,,,,FT0104,M0166,F001,F002,4109,2026/6/15,2026/6/19,质量转移,SO-2026-06918,待执行
工厂调拨,,,,,,FT0105,M0134,F003,F001,6012,2026/5/24,2026/5/27,紧急调拨,SO-2026-05282,待执行
工厂调拨,,,,,,FT0106,M0174,F003,F001,5532,2026/5/5,2026/5/8,产能平衡调拨,SO-2026-09313,待执行
工厂调拨,,,,,,FT0107,M0073,F002,F001,5511,2026/5/6,2026/5/11,紧急调拨,SO-2026-04066,待执行
工厂调拨,,,,,,FT0108,M0080,F003,F002,2162,2026/6/8,2026/6/9,产能平衡调拨,SO-2026-01547,待执行
工厂调拨,,,,,,FT0109,M0165,F002,F001,8674,2026/5/6,2026/5/10,订单需求调拨,SO-2026-03258,待执行
工厂调拨,,,,,,FT0110,M0080,F001,F002,5648,2026/6/30,2026/7/4,库存平衡调拨,SO-2026-06889,待执行
工厂调拨,,,,,,FT0111,M0040,F001,F003,1707,2026/6/2,2026/6/7,质量转移,SO-2026-09737,待执行
工厂调拨,,,,,,FT0112,M0010,F003,F002,2197,2026/6/8,2026/6/12,库存平衡调拨,SO-2026-09623,待执行
工厂调拨,,,,,,FT0113,M0178,F003,F001,7220,2026/5/3,2026/5/7,库存平衡调拨,SO-2026-03449,待执行
工厂调拨,,,,,,FT0114,M0114,F003,F002,7405,2026/5/15,2026/5/20,产能平衡调拨,SO-2026-02643,待执行
工厂调拨,,,,,,FT0115,M0050,F002,F003,7614,2026/6/19,2026/6/22,质量转移,SO-2026-09976,待执行
工厂调拨,,,,,,FT0116,M0136,F002,F001,3321,2026/6/21,2026/6/26,紧急调拨,SO-2026-08627,待执行
工厂调拨,,,,,,FT0117,M0014,F003,F002,6131,2026/6/5,2026/6/6,质量转移,SO-2026-05702,待执行
工厂调拨,,,,,,FT0118,M0032,F002,F001,2676,2026/5/18,2026/5/22,库存平衡调拨,SO-2026-09144,待执行
工厂调拨,,,,,,FT0119,M0112,F001,F002,7441,2026/6/26,2026/6/29,产能平衡调拨,SO-2026-00462,待执行
工厂调拨,,,,,,FT0120,M0014,F002,F003,3912,2026/5/25,2026/5/26,订单需求调拨,SO-2026-08929,待执行
工厂调拨,,,,,,FT0121,M0026,F003,F002,2442,2026/5/9,2026/5/10,产能平衡调拨,SO-2026-02511,待执行
工厂调拨,,,,,,FT0122,M0179,F001,F003,7399,2026/6/9,2026/6/10,订单需求调拨,SO-2026-06874,待执行
工厂调拨,,,,,,FT0123,M0056,F001,F003,1871,2026/6/19,2026/6/22,订单需求调拨,SO-2026-03612,待执行
工厂调拨,,,,,,FT0124,M0062,F002,F003,1079,2026/5/8,2026/5/12,订单需求调拨,SO-2026-07360,待执行
工厂调拨,,,,,,FT0125,M0132,F003,F001,2402,2026/5/19,2026/5/23,紧急调拨,SO-2026-09785,待执行
工厂调拨,,,,,,FT0126,M0062,F003,F002,3118,2026/6/12,2026/6/13,紧急调拨,SO-2026-07008,待执行
工厂调拨,,,,,,FT0127,M0018,F003,F001,6447,2026/6/25,2026/6/29,产能平衡调拨,SO-2026-06662,待执行
工厂调拨,,,,,,FT0128,M0096,F002,F001,5900,2026/6/20,2026/6/21,订单需求调拨,SO-2026-09655,待执行
工厂调拨,,,,,,FT0129,M0149,F003,F002,2235,2026/5/3,2026/5/6,库存平衡调拨,SO-2026-07767,待执行
工厂调拨,,,,,,FT0130,M0200,F003,F002,7890,2026/6/10,2026/6/12,订单需求调拨,SO-2026-04558,待执行
工厂调拨,,,,,,FT0131,M0199,F002,F001,4857,2026/5/13,2026/5/14,订单需求调拨,SO-2026-00107,待执行
工厂调拨,,,,,,FT0132,M0080,F003,F002,8947,2026/5/31,2026/6/3,库存平衡调拨,SO-2026-06754,待执行
工厂调拨,,,,,,FT0133,M0074,F002,F001,5488,2026/5/18,2026/5/19,产能平衡调拨,SO-2026-09179,待执行
工厂调拨,,,,,,FT0134,M0103,F003,F002,6384,2026/5/22,2026/5/24,产能平衡调拨,SO-2026-02000,待执行
工厂调拨,,,,,,FT0135,M0095,F003,F002,1403,2026/6/16,2026/6/20,质量转移,SO-2026-08392,待执行
工厂调拨,,,,,,FT0136,M0047,F003,F002,5312,2026/5/7,2026/5/8,紧急调拨,SO-2026-08720,待执行
工厂调拨,,,,,,FT0137,M0079,F002,F003,2780,2026/6/14,2026/6/18,订单需求调拨,SO-2026-02616,待执行
工厂调拨,,,,,,FT0138,M0091,F003,F002,4548,2026/6/10,2026/6/11,产能平衡调拨,SO-2026-02723,待执行
工厂调拨,,,,,,FT0139,M0094,F003,F001,560,2026/5/10,2026/5/15,产能平衡调拨,SO-2026-07944,待执行
工厂调拨,,,,,,FT0140,M0009,F001,F002,3916,2026/6/19,2026/6/22,质量转移,SO-2026-07741,待执行
工厂调拨,,,,,,FT0141,M0009,F003,F001,7421,2026/6/30,2026/7/3,订单需求调拨,SO-2026-06925,待执行
工厂调拨,,,,,,FT0142,M0036,F003,F002,6571,2026/5/21,2026/5/24,订单需求调拨,SO-2026-05575,待执行
工厂调拨,,,,,,FT0143,M0189,F001,F003,8532,2026/5/25,2026/5/30,紧急调拨,SO-2026-09937,待执行
工厂调拨,,,,,,FT0144,M0181,F002,F001,4728,2026/6/14,2026/6/18,库存平衡调拨,SO-2026-09244,待执行
工厂调拨,,,,,,FT0145,M0019,F002,F001,7342,2026/5/6,2026/5/9,订单需求调拨,SO-2026-04553,待执行
工厂调拨,,,,,,FT0146,M0139,F002,F003,2630,2026/6/15,2026/6/17,质量转移,SO-2026-01148,待执行
工厂调拨,,,,,,FT0147,M0058,F001,F002,2325,2026/5/16,2026/5/20,质量转移,SO-2026-07020,待执行
工厂调拨,,,,,,FT0148,M0147,F002,F003,9088,2026/5/9,2026/5/14,订单需求调拨,SO-2026-02548,待执行
工厂调拨,,,,,,FT0149,M0102,F003,F002,8662,2026/5/27,2026/5/31,订单需求调拨,SO-2026-03528,待执行
工厂调拨,,,,,,FT0150,M0082,F003,F001,7422,2026/5/30,2026/6/4,质量转移,SO-2026-01197,待执行
